invoice_id,person_name,job_title,monthly_income,credit_score,invoice_date,due_date,amount,location,payment_status,actual_payment_date,days_to_pay
INV1001,Darshit Joshi,Artist,93064,469,2024-10-13,2024-11-06,12358,Jaipur,1,2024-11-05,23
INV1002,Indrajit Bhattacharyya,Lawyer,51000,726,2024-05-18,2024-05-28,46361,Hyderabad,1,2024-05-26,8
INV1003,Sana Sundaram,Accountant,24339,479,2025-06-04,2025-06-27,13634,Chennai,0,2025-07-02,28
INV1004,Adah Madan,Accountant,66039,801,2023-09-01,2023-09-29,8414,Delhi,1,2023-09-29,28
INV1005,Yakshit Arora,Lawyer,62761,603,2024-12-07,2024-12-19,37865,Delhi,1,2024-12-18,11
INV1006,Divij Gaba,Lawyer,98664,888,2024-07-24,2024-08-20,17780,Pune,1,2024-08-18,25
INV1007,Jayesh Sheth,Accountant,17027,430,2024-07-16,2024-07-28,27721,Jaipur,1,2024-07-26,10
INV1008,Eshani Dani,Student,95052,880,2024-03-15,2024-03-28,20614,Pune,0,2024-04-03,19
INV1009,Anaya Dutt,Banker,39287,724,2024-08-26,2024-09-23,27397,Hyderabad,1,2024-09-21,26
INV1010,Navya Brahmbhatt,Artist,54041,397,2024-07-17,2024-08-08,43803,Delhi,0,2024-08-11,25
INV1011,Jivin Sarraf,Teacher,21694,806,2025-01-06,2025-01-19,49376,Delhi,1,2025-01-19,13
INV1012,Lakshit Comar,Lawyer,60480,560,2025-03-21,2025-03-30,44616,Hyderabad,1,2025-03-29,8
INV1013,Myra Sankaran,Teacher,95568,681,2025-03-17,2025-04-08,36074,Bangalore,1,2025-04-06,20
INV1014,Prerak Roy,Banker,46513,832,2024-06-29,2024-07-09,25753,Jaipur,1,2024-07-08,9
INV1015,Aarush Desai,Teacher,62423,368,2025-06-15,2025-07-01,39377,Delhi,1,2025-07-01,16
INV1016,Shanaya Thakur,Doctor,91900,760,2024-12-30,2025-01-07,38845,Delhi,1,2025-01-05,6
INV1017,Yuvaan Manne,Banker,18733,568,2025-05-13,2025-05-23,14737,Kolkata,0,2025-05-27,14
INV1018,Vanya Boase,Banker,18365,561,2023-09-25,2023-10-07,46873,Bangalore,1,2023-10-06,11
INV1019,Oorja Lall,Accountant,85922,441,2025-01-08,2025-01-21,3597,Hyderabad,1,2025-01-19,11
INV1020,Shanaya Gala,Accountant,76237,344,2024-10-23,2024-11-18,47413,Hyderabad,1,2024-11-18,26
INV1021,Pranay Dara,Student,50508,735,2025-01-15,2025-02-06,5266,Ahmedabad,0,2025-02-16,32
INV1022,Dishani Bhatt,Driver,10217,603,2025-03-07,2025-04-04,3726,Hyderabad,1,2025-04-02,26
INV1023,Ira Desai,Teacher,75372,622,2024-06-10,2024-07-07,28187,Ahmedabad,1,2024-07-05,25
INV1024,Alia Dhar,Accountant,49899,455,2023-11-12,2023-11-29,46344,Jaipur,0,2023-12-11,29
INV1025,Zaina Raju,Doctor,71299,634,2024-09-04,2024-09-28,11780,Kolkata,1,2024-09-27,23
INV1026,Jayan Bhargava,Student,17930,417,2023-07-01,2023-07-14,7429,Mumbai,0,2023-07-28,27
INV1027,Aradhya Subramanian,Doctor,93074,312,2025-01-30,2025-02-24,14890,Mumbai,1,2025-02-23,24
INV1028,Vedika Sidhu,Student,99137,570,2025-04-10,2025-04-17,40218,Hyderabad,0,2025-04-23,13
INV1029,Darshit Malhotra,Doctor,53823,301,2024-01-06,2024-01-23,10737,Jaipur,0,2024-01-24,18
INV1030,Amira Saxena,Engineer,25195,693,2024-12-08,2024-12-18,31414,Hyderabad,1,2024-12-18,10
INV1031,Fateh Ramakrishnan,Teacher,76581,697,2025-05-14,2025-06-09,15660,Ahmedabad,1,2025-06-09,26
INV1032,Prisha Mand,Artist,68406,738,2023-09-01,2023-09-08,18311,Jaipur,1,2023-09-06,5
INV1033,Gatik Singhal,Accountant,71709,395,2024-03-23,2024-04-17,7962,Ahmedabad,1,2024-04-17,25
INV1034,Tejas Andra,Driver,21732,732,2023-09-17,2023-10-17,5424,Kolkata,1,2023-10-17,30
INV1035,Fateh Tandon,Student,84360,413,2024-09-19,2024-10-14,5614,Pune,0,2024-10-26,37
INV1036,Ivana Datta,Lawyer,21006,462,2024-12-23,2025-01-16,32093,Pune,1,2025-01-15,23
INV1037,Samar De,Engineer,84670,319,2024-10-21,2024-11-03,31493,Mumbai,1,2024-11-01,11
INV1038,Anvi Lanka,Doctor,12676,819,2025-02-17,2025-03-16,8663,Delhi,1,2025-03-15,26
INV1039,Mamooty Doshi,Engineer,10078,637,2024-09-15,2024-10-12,25593,Bangalore,1,2024-10-12,27
INV1040,Uthkarsh Yohannan,Lawyer,26232,351,2024-12-23,2025-01-12,46817,Kolkata,0,2025-01-17,25
INV1041,Purab Venkataraman,Engineer,58933,865,2025-02-02,2025-02-15,9109,Ahmedabad,1,2025-02-13,11
INV1042,Vihaan Gala,Doctor,58464,570,2024-01-31,2024-02-13,9739,Chennai,1,2024-02-12,12
INV1043,Divij Konda,Accountant,78299,596,2023-07-11,2023-07-24,46567,Jaipur,1,2023-07-23,12
INV1044,Hazel Wable,Doctor,46731,861,2024-01-12,2024-02-11,24855,Ahmedabad,1,2024-02-09,28
INV1045,Hrishita Hayer,Accountant,26796,793,2024-12-12,2024-12-21,46068,Delhi,1,2024-12-19,7
INV1046,Baiju Sawhney,Engineer,22146,827,2024-10-09,2024-10-27,18537,Bangalore,1,2024-10-27,18
INV1047,Pranay Balakrishnan,Lawyer,28962,519,2025-03-16,2025-04-01,1673,Chennai,1,2025-03-30,14
INV1048,Jivin Kurian,Lawyer,89564,506,2024-05-09,2024-05-22,12271,Hyderabad,1,2024-05-20,11
INV1049,Alisha Sood,Doctor,10030,594,2023-09-07,2023-10-01,37010,Jaipur,1,2023-09-30,23
INV1050,Taran Bera,Banker,75729,708,2024-09-28,2024-10-05,33788,Hyderabad,1,2024-10-04,6
INV1051,Uthkarsh Sankar,Lawyer,15979,442,2024-03-03,2024-03-30,37845,Jaipur,0,2024-04-04,32
INV1052,Lakshit Koshy,Lawyer,75716,724,2024-03-12,2024-03-23,24064,Kolkata,1,2024-03-21,9
INV1053,Shamik Reddy,Doctor,93784,491,2023-09-16,2023-10-08,28371,Jaipur,0,2023-10-19,33
INV1054,Hiran Chakraborty,Driver,71530,508,2023-10-19,2023-11-04,45087,Jaipur,1,2023-11-02,14
INV1055,Divyansh Dixit,Lawyer,17101,332,2024-06-11,2024-06-30,8881,Chennai,1,2024-06-29,18
INV1056,Anya Ganesan,Student,75029,352,2023-12-14,2024-01-06,20052,Jaipur,0,2024-01-08,25
INV1057,Indrajit Agate,Teacher,73759,433,2024-02-19,2024-03-01,4270,Pune,1,2024-02-28,9
INV1058,Amani Sane,Lawyer,43094,376,2025-03-27,2025-04-09,24234,Delhi,0,2025-04-18,22
INV1059,Lagan Choudhry,Banker,31639,880,2024-08-03,2024-08-18,38285,Bangalore,1,2024-08-18,15
INV1060,Ishaan Loke,Driver,38664,494,2024-12-06,2024-12-29,20690,Hyderabad,1,2024-12-28,22
INV1061,Lakshit Vohra,Driver,54000,634,2025-01-07,2025-01-21,46619,Bangalore,1,2025-01-20,13
INV1062,Amira Dey,Banker,85525,558,2023-09-15,2023-10-06,47942,Ahmedabad,1,2023-10-05,20
INV1063,Riaan Gopal,Accountant,49572,417,2024-10-20,2024-11-13,46769,Delhi,1,2024-11-13,24
INV1064,Hrishita Kapur,Doctor,80302,772,2024-05-22,2024-06-14,22827,Ahmedabad,1,2024-06-14,23
INV1065,Neysa Sehgal,Driver,70143,811,2023-10-26,2023-11-04,16671,Jaipur,1,2023-11-03,8
INV1066,Jiya Johal,Doctor,20890,532,2024-04-24,2024-05-20,28102,Hyderabad,1,2024-05-19,25
INV1067,Lavanya Choudhary,Accountant,94023,505,2024-03-03,2024-03-21,12940,Bangalore,1,2024-03-19,16
INV1068,Romil Dayal,Driver,39448,482,2024-03-03,2024-03-29,49406,Jaipur,1,2024-03-29,26
INV1069,Hunar Rastogi,Engineer,22564,460,2024-12-04,2024-12-12,23126,Jaipur,1,2024-12-10,6
INV1070,Ahana  Saxena,Teacher,40150,378,2023-07-08,2023-08-04,3970,Chennai,1,2023-08-04,27
INV1071,Rati Bhatt,Student,23809,410,2024-12-12,2025-01-11,10340,Chennai,1,2025-01-09,28
INV1072,Adah Roy,Banker,19662,664,2024-04-23,2024-05-22,33599,Jaipur,0,2024-05-30,37
INV1073,Miraya Basu,Doctor,90552,618,2025-03-22,2025-04-02,33345,Chennai,1,2025-04-01,10
INV1074,Jayant Shanker,Doctor,65631,717,2024-06-21,2024-07-08,44992,Jaipur,1,2024-07-07,16
INV1075,Madhup Bhardwaj,Driver,42117,811,2025-06-07,2025-06-20,48283,Delhi,1,2025-06-18,11
INV1076,Baiju Vasa,Doctor,59901,772,2023-09-14,2023-09-30,11386,Mumbai,1,2023-09-30,16
INV1077,Trisha Gole,Student,29096,318,2023-07-03,2023-07-30,43306,Jaipur,0,2023-08-05,33
INV1078,Jayan Maharaj,Artist,66514,847,2024-01-06,2024-02-03,21128,Chennai,1,2024-02-02,27
INV1079,Lakshay Kulkarni,Lawyer,71305,681,2023-10-04,2023-10-18,33997,Delhi,1,2023-10-17,13
INV1080,Arnav Zacharia,Driver,26281,642,2023-09-03,2023-09-18,11322,Delhi,1,2023-09-18,15
INV1081,Rhea Singh,Driver,45703,855,2024-11-29,2024-12-08,49120,Kolkata,1,2024-12-08,9
INV1082,Renee Chowdhury,Driver,77403,587,2024-09-09,2024-10-03,15391,Hyderabad,1,2024-10-01,22
INV1083,Nishith Sama,Banker,29964,680,2024-10-26,2024-11-11,21769,Jaipur,1,2024-11-11,16
INV1084,Drishya Sandal,Teacher,60549,535,2024-02-12,2024-03-11,23890,Pune,1,2024-03-10,27
INV1085,Sumer Lall,Student,18742,418,2024-02-07,2024-02-29,39296,Jaipur,0,2024-03-04,26
INV1086,Nirvi Borde,Doctor,91536,335,2025-06-08,2025-06-21,25481,Jaipur,0,2025-06-24,16
INV1087,Jayan Sarin,Student,37563,827,2023-10-23,2023-11-07,46554,Kolkata,0,2023-11-16,24
INV1088,Inaaya  Chaudhry,Student,26468,357,2023-10-10,2023-10-19,28727,Chennai,1,2023-10-18,8
INV1089,Nehmat Deshpande,Banker,11660,887,2024-12-30,2025-01-16,48061,Chennai,1,2025-01-15,16
INV1090,Azad Goswami,Teacher,71129,382,2023-09-06,2023-09-26,30923,Hyderabad,1,2023-09-24,18
INV1091,Aaryahi Hari,Accountant,41531,555,2024-05-27,2024-06-24,5751,Delhi,1,2024-06-22,26
INV1092,Reyansh Comar,Banker,58492,363,2025-03-12,2025-03-29,4327,Chennai,1,2025-03-29,17
INV1093,Ranbir Keer,Doctor,66391,750,2023-10-03,2023-10-19,46246,Jaipur,1,2023-10-17,14
INV1094,Rhea Raval,Engineer,59734,316,2024-02-12,2024-03-08,33776,Hyderabad,0,2024-03-19,36
INV1095,Zaina Boase,Banker,36866,863,2024-08-22,2024-09-13,31053,Kolkata,1,2024-09-12,21
INV1096,Badal Jayaraman,Lawyer,51055,871,2024-07-08,2024-07-23,11361,Mumbai,1,2024-07-22,14
INV1097,Vivaan Zacharia,Lawyer,22140,704,2025-03-14,2025-04-09,12494,Bangalore,1,2025-04-07,24
INV1098,Taran Malhotra,Student,81158,801,2024-05-07,2024-06-05,45230,Jaipur,1,2024-06-05,29
INV1099,Shray Solanki,Lawyer,19542,883,2025-05-14,2025-06-11,36231,Chennai,0,2025-06-12,29
INV1100,Tara Sachar,Artist,30075,322,2025-04-02,2025-04-13,32067,Jaipur,0,2025-04-24,22
INV1101,Badal Raj,Engineer,60270,368,2024-08-01,2024-08-14,11501,Kolkata,1,2024-08-14,13
INV1102,Indrans Jhaveri,Doctor,10533,726,2025-02-04,2025-02-20,4704,Pune,1,2025-02-18,14
INV1103,Adira Khalsa,Doctor,61972,766,2025-04-08,2025-04-24,21043,Jaipur,1,2025-04-23,15
INV1104,Shlok Chakraborty,Driver,77245,604,2024-09-12,2024-10-09,5297,Bangalore,1,2024-10-09,27
INV1105,Hrishita Joshi,Engineer,48476,815,2024-04-17,2024-05-07,40476,Jaipur,1,2024-05-06,19
INV1106,Emir Sibal,Banker,35588,375,2024-09-11,2024-09-18,31482,Mumbai,1,2024-09-16,5
INV1107,Tarini Swaminathan,Driver,34909,616,2024-03-04,2024-03-27,22900,Bangalore,1,2024-03-27,23
INV1108,Shanaya Chhabra,Artist,30296,463,2024-05-20,2024-05-31,27792,Ahmedabad,1,2024-05-29,9
INV1109,Adira Deol,Artist,74952,834,2024-12-05,2024-12-25,37414,Mumbai,1,2024-12-24,19
INV1110,Anahita Batta,Doctor,99975,644,2024-04-03,2024-04-21,14505,Chennai,1,2024-04-20,17
INV1111,Aarav Sampath,Lawyer,26876,842,2025-05-31,2025-06-22,25516,Mumbai,1,2025-06-21,21
INV1112,Aarna Mani,Lawyer,69338,393,2025-03-26,2025-04-16,24426,Delhi,0,2025-04-20,25
INV1113,Ayesha Varkey,Doctor,19749,777,2025-02-25,2025-03-19,38556,Bangalore,1,2025-03-17,20
INV1114,Hridaan Vala,Banker,43013,456,2024-11-17,2024-11-24,49066,Hyderabad,1,2024-11-24,7
INV1115,Miraan Dani,Student,31047,332,2024-09-13,2024-09-29,44229,Delhi,1,2024-09-29,16
INV1116,Adah Din,Accountant,52260,766,2024-12-16,2025-01-03,48782,Mumbai,1,2025-01-01,16
INV1117,Lagan Bhasin,Student,18948,397,2024-06-25,2024-07-24,42815,Pune,0,2024-07-27,32
INV1118,Alisha Dutt,Driver,41295,301,2025-02-11,2025-03-08,21521,Bangalore,1,2025-03-07,24
INV1119,Shayak Kale,Banker,24114,300,2023-09-10,2023-09-25,33091,Mumbai,0,2023-09-27,17
INV1120,Seher Rama,Engineer,62234,808,2025-02-21,2025-03-16,22217,Hyderabad,1,2025-03-15,22
INV1121,Hrishita Sandhu,Teacher,65997,719,2025-02-26,2025-03-16,27209,Jaipur,1,2025-03-15,17
INV1122,Parinaaz Wadhwa,Lawyer,48132,626,2023-10-17,2023-11-16,45196,Bangalore,1,2023-11-15,29
INV1123,Hridaan Sem,Banker,26016,449,2024-09-14,2024-10-07,31034,Chennai,1,2024-10-05,21
INV1124,Romil Talwar,Accountant,96806,388,2024-08-16,2024-09-14,42009,Ahmedabad,1,2024-09-12,27
INV1125,Adira Raju,Banker,10433,483,2024-03-04,2024-03-25,44868,Mumbai,0,2024-03-30,26
INV1126,Adah Loke,Accountant,45838,452,2024-12-05,2024-12-16,23471,Delhi,0,2024-12-25,20
INV1127,Seher Kara,Driver,21080,359,2025-02-02,2025-02-12,2642,Chennai,1,2025-02-12,10
INV1128,Shaan Ravel,Lawyer,35418,588,2025-03-27,2025-04-18,15361,Jaipur,1,2025-04-18,22
INV1129,Amani Dua,Teacher,11458,829,2024-02-23,2024-03-17,39740,Pune,1,2024-03-17,23
INV1130,Adira Vasa,Artist,38662,810,2024-04-18,2024-05-04,3950,Delhi,1,2024-05-03,15
INV1131,Aayush Batra,Lawyer,55147,896,2024-08-09,2024-08-24,17916,Hyderabad,1,2024-08-22,13
INV1132,Oorja Majumdar,Accountant,75451,440,2024-12-07,2024-12-19,5075,Chennai,1,2024-12-18,11
INV1133,Lakshay Subramaniam,Doctor,70118,485,2024-06-08,2024-07-01,3230,Jaipur,1,2024-07-01,23
INV1134,Shanaya Handa,Teacher,10805,396,2024-01-17,2024-01-31,16979,Kolkata,0,2024-02-07,21
INV1135,Keya Biswas,Engineer,97612,806,2023-07-27,2023-08-11,42181,Hyderabad,1,2023-08-10,14
INV1136,Kiaan Guha,Student,63966,674,2024-03-11,2024-04-01,16572,Jaipur,1,2024-04-01,21
INV1137,Drishya Thakkar,Lawyer,62748,866,2024-08-22,2024-09-09,40179,Kolkata,1,2024-09-07,16
INV1138,Devansh Singh,Driver,58313,660,2023-07-18,2023-08-07,28927,Pune,1,2023-08-06,19
INV1139,Nayantara Sood,Driver,32696,872,2023-12-16,2023-12-25,17678,Jaipur,1,2023-12-23,7
INV1140,Vivaan Dey,Banker,70099,302,2025-01-22,2025-01-30,44719,Delhi,1,2025-01-30,8
INV1141,Sumer Brahmbhatt,Accountant,21344,348,2024-12-06,2024-12-28,28020,Ahmedabad,0,2025-01-04,29
INV1142,Vanya Bail,Driver,70114,642,2024-01-02,2024-01-12,46095,Jaipur,1,2024-01-11,9
INV1143,Keya Tailor,Accountant,74057,663,2024-02-05,2024-02-12,28305,Pune,1,2024-02-12,7
INV1144,Lavanya Anne,Doctor,92152,410,2024-03-05,2024-04-02,40800,Ahmedabad,1,2024-04-01,27
INV1145,Jayant Kapadia,Accountant,68542,678,2024-10-07,2024-11-03,39209,Pune,1,2024-11-01,25
INV1146,Ryan Srinivas,Banker,92998,371,2024-04-06,2024-04-22,5195,Ahmedabad,1,2024-04-22,16
INV1147,Yuvraj  Mahal,Driver,67979,481,2024-12-02,2024-12-24,5348,Kolkata,1,2024-12-24,22
INV1148,Bhavin Lanka,Student,69685,841,2025-01-02,2025-01-14,3524,Jaipur,1,2025-01-14,12
INV1149,Riaan Ramakrishnan,Teacher,14506,389,2024-08-26,2024-09-25,39722,Delhi,0,2024-10-09,44
INV1150,Nishith Vora,Lawyer,83752,539,2024-10-30,2024-11-15,38119,Bangalore,1,2024-11-15,16
INV1151,Farhan Apte,Artist,45403,614,2023-11-27,2023-12-08,26478,Bangalore,1,2023-12-08,11
INV1152,Saanvi Salvi,Lawyer,85854,443,2024-10-07,2024-10-17,15962,Ahmedabad,1,2024-10-16,9
INV1153,Indrans Vyas,Driver,44565,459,2024-10-27,2024-11-09,42026,Hyderabad,0,2024-11-14,18
INV1154,Siya Ravi,Artist,82375,739,2024-06-22,2024-06-30,21637,Hyderabad,1,2024-06-28,6
INV1155,Tiya Aurora,Lawyer,82339,670,2024-01-28,2024-02-09,49911,Kolkata,1,2024-02-09,12
INV1156,Vedika Dasgupta,Lawyer,28746,811,2024-06-04,2024-07-02,22882,Jaipur,1,2024-07-01,27
INV1157,Samar Singhal,Teacher,18764,777,2023-09-11,2023-10-11,26857,Ahmedabad,1,2023-10-10,29
INV1158,Zain Baral,Engineer,98870,871,2024-12-18,2024-12-31,20531,Ahmedabad,1,2024-12-31,13
INV1159,Jayan Rao,Driver,69295,850,2023-12-20,2024-01-19,40543,Pune,1,2024-01-19,30
INV1160,Vanya Ramachandran,Student,18058,480,2024-06-05,2024-06-12,6016,Pune,0,2024-06-25,20
INV1161,Kimaya Sant,Teacher,77478,696,2025-01-07,2025-01-22,16829,Ahmedabad,1,2025-01-21,14
INV1162,Ritvik Butala,Banker,77840,385,2024-01-31,2024-02-07,14208,Bangalore,0,2024-02-20,20
INV1163,Taran Rajagopalan,Student,65113,775,2024-07-03,2024-07-18,32450,Mumbai,1,2024-07-16,13
INV1164,Ojas Baria,Doctor,20082,761,2024-10-01,2024-10-16,44414,Pune,1,2024-10-14,13
INV1165,Pranay Bakshi,Doctor,84147,667,2024-02-20,2024-03-07,27493,Hyderabad,1,2024-03-05,14
INV1166,Vritika Chhabra,Teacher,16017,515,2024-07-24,2024-08-21,28956,Bangalore,1,2024-08-19,26
INV1167,Ivana Sheth,Lawyer,99916,347,2024-01-16,2024-01-29,1113,Mumbai,0,2024-02-07,22
INV1168,Oorja Krishnamurthy,Driver,92935,456,2024-10-26,2024-11-23,33357,Bangalore,0,2024-12-02,37
INV1169,Miraya Karpe,Accountant,18638,898,2023-11-19,2023-12-17,25009,Delhi,1,2023-12-16,27
INV1170,Jhanvi Ramaswamy,Lawyer,15567,675,2024-08-23,2024-09-21,22587,Pune,1,2024-09-19,27
INV1171,Nakul Bhasin,Teacher,90245,368,2024-07-21,2024-08-19,25571,Bangalore,0,2024-08-29,39
INV1172,Lakshay Sandal,Student,37946,472,2024-07-17,2024-08-10,43428,Delhi,1,2024-08-08,22
INV1173,Samar Shetty,Student,74632,497,2024-07-04,2024-07-25,4322,Hyderabad,0,2024-08-05,32
INV1174,Diya Bali,Artist,41913,787,2023-12-02,2023-12-27,8966,Chennai,1,2023-12-25,23
INV1175,Armaan Tandon,Artist,94265,611,2024-06-05,2024-06-22,17397,Chennai,1,2024-06-20,15
INV1176,Sahil Tank,Teacher,91418,842,2024-07-14,2024-08-06,32514,Kolkata,1,2024-08-04,21
INV1177,Tushar Sengupta,Artist,83644,338,2024-10-16,2024-11-06,2311,Pune,1,2024-11-04,19
INV1178,Yakshit Chanda,Doctor,44154,343,2023-10-23,2023-11-09,16124,Bangalore,1,2023-11-07,15
INV1179,Yashvi Anne,Engineer,16926,469,2023-12-10,2023-12-26,2147,Ahmedabad,0,2024-01-08,29
INV1180,Misha Dhingra,Teacher,73009,328,2025-01-26,2025-02-06,3258,Bangalore,1,2025-02-04,9
INV1181,Ivan Shere,Accountant,18975,486,2025-01-30,2025-02-12,42424,Ahmedabad,1,2025-02-10,11
INV1182,Khushi Dhillon,Doctor,92799,564,2024-03-13,2024-03-22,9594,Jaipur,1,2024-03-21,8
INV1183,Drishya Varma,Engineer,83594,328,2024-05-03,2024-05-29,25618,Bangalore,0,2024-06-12,40
INV1184,Indrajit Sur,Student,79493,423,2023-10-13,2023-11-03,37033,Jaipur,0,2023-11-18,36
INV1185,Amani Kari,Banker,26352,530,2024-10-31,2024-11-08,40814,Bangalore,1,2024-11-08,8
INV1186,Arhaan Ghose,Banker,23497,690,2025-01-09,2025-02-04,41037,Pune,1,2025-02-03,25
INV1187,Rania Singhal,Engineer,53433,834,2024-03-01,2024-03-28,7648,Bangalore,1,2024-03-28,27
INV1188,Kabir Srinivas,Driver,15238,738,2023-09-22,2023-10-22,4515,Mumbai,1,2023-10-22,30
INV1189,Jhanvi Chhabra,Accountant,52251,534,2024-05-20,2024-06-12,42232,Delhi,1,2024-06-12,23
INV1190,Shalv Ravel,Teacher,59303,718,2024-12-27,2025-01-12,44021,Delhi,1,2025-01-10,14
INV1191,Piya Suri,Student,45525,816,2023-11-20,2023-12-18,37404,Hyderabad,1,2023-12-18,28
INV1192,Dishani Ahuja,Lawyer,21920,872,2024-07-07,2024-08-03,35453,Chennai,1,2024-08-01,25
INV1193,Dhanuk Gulati,Artist,58690,798,2025-02-08,2025-02-27,16256,Delhi,1,2025-02-25,17
INV1194,Nakul Ratta,Engineer,21933,349,2024-12-28,2025-01-17,28545,Delhi,0,2025-01-25,28
INV1195,Navya Bose,Artist,73364,475,2024-05-24,2024-06-18,42831,Delhi,0,2024-06-27,34
INV1196,Umang Kalita,Student,76619,431,2024-02-20,2024-03-08,19553,Hyderabad,0,2024-03-18,27
INV1197,Priyansh Borde,Banker,25590,709,2025-05-18,2025-06-10,35176,Ahmedabad,1,2025-06-09,22
INV1198,Shaan Ray,Engineer,48070,307,2025-05-14,2025-06-10,8530,Chennai,1,2025-06-09,26
INV1199,Rania Devi,Artist,37216,696,2025-04-14,2025-05-02,5778,Ahmedabad,0,2025-05-06,22
INV1200,Zaina Zachariah,Accountant,61603,895,2024-03-24,2024-04-03,32403,Hyderabad,1,2024-04-03,10
INV1201,Reyansh Venkataraman,Accountant,27426,384,2025-02-21,2025-03-22,15732,Hyderabad,0,2025-03-29,36
INV1202,Bhavin Mander,Doctor,79287,404,2025-02-13,2025-03-12,20241,Hyderabad,0,2025-03-16,31
INV1203,Parinaaz Sunder,Accountant,59908,615,2024-05-03,2024-05-28,45704,Delhi,1,2024-05-28,25
INV1204,Diya Tella,Driver,85267,553,2024-05-19,2024-06-16,34131,Chennai,1,2024-06-14,26
INV1205,Uthkarsh Dewan,Doctor,15784,863,2024-07-08,2024-07-18,13734,Delhi,1,2024-07-16,8
INV1206,Raghav Din,Doctor,33483,343,2025-05-16,2025-06-09,23505,Mumbai,0,2025-06-19,34
INV1207,Kimaya Badal,Artist,73252,873,2023-10-20,2023-11-02,28714,Pune,1,2023-11-01,12
INV1208,Azad Manda,Accountant,43485,474,2023-07-18,2023-08-14,22473,Pune,0,2023-08-26,39
INV1209,Aayush Magar,Driver,20580,731,2023-10-31,2023-11-11,3713,Bangalore,1,2023-11-09,9
INV1210,Divij Sundaram,Lawyer,91330,374,2024-05-05,2024-05-24,15799,Pune,1,2024-05-23,18
INV1211,Bhamini Mangat,Lawyer,87612,638,2023-08-31,2023-09-30,11467,Pune,1,2023-09-28,28
INV1212,Raunak Majumdar,Lawyer,99352,533,2023-09-01,2023-09-25,7657,Hyderabad,1,2023-09-23,22
INV1213,Urvi Iyer,Driver,16011,897,2024-09-03,2024-09-21,3153,Ahmedabad,1,2024-09-21,18
INV1214,Sara Andra,Engineer,55639,363,2024-10-29,2024-11-24,8938,Hyderabad,1,2024-11-24,26
INV1215,Divit Vala,Doctor,47771,655,2023-08-02,2023-08-12,8195,Pune,1,2023-08-12,10
INV1216,Devansh Ram,Student,53446,363,2024-06-23,2024-07-19,10556,Hyderabad,0,2024-07-26,33
INV1217,Himmat Thakur,Student,29366,692,2024-01-12,2024-01-24,9946,Delhi,1,2024-01-23,11
INV1218,Arhaan Dewan,Artist,10628,815,2024-06-23,2024-07-06,9028,Pune,1,2024-07-06,13
INV1219,Purab Sampath,Banker,24005,412,2023-08-18,2023-09-06,37262,Kolkata,1,2023-09-06,19
INV1220,Nitara Som,Lawyer,88414,688,2024-11-10,2024-12-03,38158,Hyderabad,1,2024-12-03,23
INV1221,Shamik Gola,Accountant,27944,735,2024-01-25,2024-02-13,1153,Ahmedabad,1,2024-02-11,17
INV1222,Yuvraj  Master,Banker,34736,312,2023-10-01,2023-10-22,13284,Jaipur,0,2023-11-06,36
INV1223,Nirvi Lata,Driver,40472,479,2023-07-26,2023-08-06,20267,Hyderabad,1,2023-08-05,10
INV1224,Mahika Dada,Student,68628,767,2025-05-11,2025-06-03,27730,Jaipur,1,2025-06-02,22
INV1225,Yuvraj  Roy,Engineer,68910,889,2023-08-19,2023-09-05,36974,Ahmedabad,1,2023-09-05,17
INV1226,Heer Sharaf,Driver,62239,384,2025-02-26,2025-03-21,41204,Hyderabad,1,2025-03-19,21
INV1227,Kashvi Dani,Banker,80017,447,2024-05-21,2024-05-30,2131,Delhi,0,2024-06-11,21
INV1228,Saira Deol,Engineer,15327,832,2024-04-02,2024-04-19,39295,Hyderabad,1,2024-04-17,15
INV1229,Chirag Shah,Lawyer,39795,565,2024-11-25,2024-12-04,22773,Delhi,1,2024-12-03,8
INV1230,Tarini Krishnamurthy,Banker,37168,647,2025-02-06,2025-03-07,1342,Mumbai,1,2025-03-06,28
INV1231,Farhan Chacko,Teacher,67939,699,2024-07-02,2024-07-15,45375,Bangalore,1,2024-07-15,13
INV1232,Lakshit Sawhney,Student,69842,329,2023-12-02,2023-12-28,47965,Hyderabad,0,2024-01-09,38
INV1233,Fateh Chakraborty,Accountant,22081,312,2024-04-29,2024-05-25,47767,Pune,1,2024-05-25,26
INV1234,Piya Buch,Driver,37548,315,2024-05-23,2024-06-16,19150,Delhi,0,2024-06-18,26
INV1235,Nishith Ratti,Teacher,81009,837,2024-10-23,2024-11-11,29937,Bangalore,1,2024-11-10,18
INV1236,Bhavin Cheema,Teacher,39068,745,2024-12-24,2025-01-22,7897,Chennai,1,2025-01-22,29
INV1237,Prerak Kalita,Driver,32753,473,2024-08-23,2024-09-17,8221,Pune,1,2024-09-15,23
INV1238,Ira Bail,Driver,40475,881,2024-08-10,2024-08-21,2951,Hyderabad,1,2024-08-20,10
INV1239,Indranil Chanda,Banker,44148,862,2025-04-09,2025-05-04,29999,Chennai,1,2025-05-04,25
INV1240,Bhamini Ray,Engineer,37837,780,2025-02-22,2025-03-19,45183,Delhi,1,2025-03-19,25
INV1241,Vardaniya Sem,Doctor,77806,346,2024-03-28,2024-04-20,49378,Pune,0,2024-05-03,36
INV1242,Oorja Balan,Artist,67121,310,2024-08-13,2024-09-12,37104,Hyderabad,0,2024-09-23,41
INV1243,Hunar Gokhale,Lawyer,49589,769,2025-05-10,2025-05-20,24966,Chennai,1,2025-05-19,9
INV1244,Sara Gala,Banker,43153,697,2023-09-02,2023-09-21,32766,Jaipur,1,2023-09-21,19
INV1245,Anay Rama,Doctor,59864,764,2025-06-03,2025-06-12,41817,Chennai,1,2025-06-10,7
INV1246,Jayesh Ganesh,Lawyer,70278,659,2024-08-02,2024-08-19,10661,Mumbai,1,2024-08-18,16
INV1247,Vaibhav Majumdar,Doctor,15345,746,2025-04-16,2025-05-11,4846,Mumbai,1,2025-05-09,23
INV1248,Bhamini Lad,Student,57203,610,2025-02-23,2025-03-11,17502,Kolkata,0,2025-03-23,28
INV1249,Kimaya Swaminathan,Engineer,60831,422,2024-01-29,2024-02-23,11096,Chennai,1,2024-02-22,24
INV1250,Kismat Dave,Teacher,58820,472,2024-08-07,2024-08-30,49744,Mumbai,1,2024-08-30,23
INV1251,Mishti Chauhan,Banker,54811,805,2024-08-05,2024-08-19,26568,Mumbai,1,2024-08-19,14
INV1252,Oorja Dhillon,Doctor,95377,430,2024-09-22,2024-10-01,10850,Bangalore,1,2024-09-30,8
INV1253,Chirag Chauhan,Driver,56462,881,2025-03-27,2025-04-14,33412,Chennai,1,2025-04-13,17
INV1254,Devansh Barad,Student,90781,856,2025-02-10,2025-02-18,22114,Mumbai,1,2025-02-16,6
INV1255,Riya Kunda,Doctor,20420,315,2024-09-20,2024-10-13,31059,Ahmedabad,0,2024-10-24,34
INV1256,Miraya Johal,Driver,43345,501,2025-01-11,2025-01-30,32396,Ahmedabad,1,2025-01-30,19
INV1257,Amani Bassi,Teacher,36077,463,2024-11-01,2024-11-11,49116,Pune,1,2024-11-09,8
INV1258,Madhup Ganesh,Teacher,43014,886,2024-10-12,2024-10-27,12290,Chennai,1,2024-10-25,13
INV1259,Indrajit Balakrishnan,Accountant,81471,826,2024-11-06,2024-12-02,47031,Delhi,1,2024-11-30,24
INV1260,Nakul Grover,Artist,90488,415,2023-09-01,2023-09-30,20521,Bangalore,0,2023-10-07,36
INV1261,Ojas Bumb,Banker,43028,787,2025-06-08,2025-06-28,24748,Chennai,1,2025-06-27,19
INV1262,Aarna Chawla,Artist,79945,891,2025-06-09,2025-07-07,36918,Hyderabad,1,2025-07-07,28
INV1263,Kismat Raju,Accountant,96689,328,2024-02-27,2024-03-11,20080,Kolkata,1,2024-03-11,13
INV1264,Yakshit Mann,Accountant,80441,437,2023-07-13,2023-07-21,1609,Pune,1,2023-07-21,8
INV1265,Dhanuk Singh,Accountant,25353,690,2025-06-23,2025-07-12,47190,Pune,1,2025-07-11,18
INV1266,Saira Konda,Accountant,61046,708,2025-02-23,2025-03-14,13655,Chennai,1,2025-03-14,19
INV1267,Anahita Garg,Accountant,93191,392,2023-07-10,2023-08-09,14935,Pune,1,2023-08-08,29
INV1268,Eva Mane,Student,40120,300,2024-08-27,2024-09-15,40445,Ahmedabad,0,2024-09-18,22
INV1269,Dhruv Venkatesh,Accountant,80429,513,2023-11-06,2023-12-01,40930,Mumbai,1,2023-12-01,25
INV1270,Siya Ben,Teacher,95291,769,2023-10-04,2023-10-15,43534,Kolkata,1,2023-10-13,9
INV1271,Onkar Iyengar,Teacher,83736,822,2025-02-08,2025-02-18,44859,Chennai,1,2025-02-16,8
INV1272,Ojas Acharya,Banker,75391,513,2024-12-11,2024-12-26,23639,Mumbai,1,2024-12-25,14
INV1273,Ehsaan Subramaniam,Teacher,74122,584,2024-03-10,2024-04-05,6510,Ahmedabad,1,2024-04-03,24
INV1274,Ishita Maharaj,Lawyer,40355,873,2024-10-22,2024-10-29,40266,Mumbai,1,2024-10-28,6
INV1275,Prerak Bandi,Doctor,97490,463,2024-04-26,2024-05-09,13503,Pune,0,2024-05-15,19
INV1276,Indrajit Varghese,Doctor,45416,627,2023-12-23,2024-01-16,35481,Mumbai,1,2024-01-16,24
INV1277,Siya Ghose,Banker,68942,883,2024-05-03,2024-05-11,17951,Bangalore,1,2024-05-10,7
INV1278,Misha Taneja,Teacher,12257,826,2024-05-09,2024-05-25,39185,Mumbai,1,2024-05-25,16
INV1279,Darshit Raju,Banker,56499,340,2024-08-28,2024-09-06,38577,Chennai,1,2024-09-06,9
INV1280,Vedika Chauhan,Engineer,96877,846,2024-09-19,2024-10-12,35446,Delhi,1,2024-10-11,22
INV1281,Neysa Dua,Accountant,61047,413,2025-01-01,2025-01-19,11987,Chennai,1,2025-01-19,18
INV1282,Zara Datta,Student,91280,597,2023-09-30,2023-10-17,13047,Delhi,0,2023-10-22,22
INV1283,Aaryahi Balasubramanian,Driver,71497,720,2024-07-05,2024-07-28,28271,Mumbai,1,2024-07-27,22
INV1284,Anaya Mahajan,Driver,82068,326,2024-10-24,2024-11-03,23565,Bangalore,1,2024-11-01,8
INV1285,Ivan Sabharwal,Doctor,26429,354,2024-04-11,2024-04-30,9767,Delhi,0,2024-05-04,23
INV1286,Taran Karan,Student,11136,856,2024-04-21,2024-05-14,13039,Ahmedabad,1,2024-05-13,22
INV1287,Arnav Raman,Engineer,24920,326,2023-10-04,2023-10-22,4076,Hyderabad,1,2023-10-20,16
INV1288,Anika Sarma,Driver,70122,783,2023-12-10,2023-12-27,13700,Delhi,1,2023-12-25,15
INV1289,Ritvik Sinha,Banker,60315,631,2025-03-02,2025-03-18,35378,Jaipur,1,2025-03-16,14
INV1290,Siya Sood,Lawyer,85419,889,2023-08-05,2023-08-21,6853,Kolkata,1,2023-08-19,14
INV1291,Azad Mani,Accountant,67719,783,2023-10-26,2023-11-21,21115,Jaipur,1,2023-11-21,26
INV1292,Adira Ratti,Artist,26206,775,2024-05-08,2024-05-28,20050,Chennai,1,2024-05-27,19
INV1293,Kimaya Shere,Doctor,69955,613,2025-05-18,2025-06-04,25212,Delhi,1,2025-06-04,17
INV1294,Stuvan Kapadia,Lawyer,38372,544,2024-05-05,2024-06-04,20775,Chennai,1,2024-06-02,28
INV1295,Renee Khalsa,Doctor,47040,854,2024-11-26,2024-12-11,27578,Bangalore,1,2024-12-10,14
INV1296,Riaan Keer,Artist,84512,587,2025-04-08,2025-04-27,44315,Hyderabad,1,2025-04-27,19
INV1297,Raghav Yohannan,Artist,74311,483,2024-01-14,2024-01-31,15853,Delhi,0,2024-02-12,29
INV1298,Reyansh Sachar,Engineer,68317,733,2024-04-06,2024-04-21,5977,Pune,1,2024-04-20,14
INV1299,Veer Sheth,Teacher,46085,740,2024-04-18,2024-04-28,25122,Bangalore,1,2024-04-27,9
INV1300,Eva Uppal,Accountant,81861,307,2025-02-26,2025-03-09,21188,Ahmedabad,0,2025-03-21,23
INV1301,Anahi Soman,Artist,95107,769,2025-03-07,2025-03-15,44820,Mumbai,1,2025-03-15,8
INV1302,Priyansh Srivastava,Accountant,43778,497,2025-03-28,2025-04-10,40299,Bangalore,0,2025-04-14,17
INV1303,Hunar Kala,Artist,99660,379,2024-06-17,2024-07-03,17915,Delhi,1,2024-07-02,15
INV1304,Dishani Srinivas,Banker,14523,692,2023-12-30,2024-01-16,9261,Chennai,1,2024-01-15,16
INV1305,Jiya Loke,Teacher,98440,457,2024-06-06,2024-06-23,7116,Chennai,1,2024-06-21,15
INV1306,Eva Shanker,Lawyer,28664,370,2024-04-17,2024-04-27,35490,Mumbai,0,2024-05-07,20
INV1307,Chirag Lal,Student,69966,830,2025-03-02,2025-03-25,43818,Chennai,0,2025-04-09,38
INV1308,Nehmat Luthra,Driver,18558,364,2024-08-30,2024-09-28,43789,Jaipur,0,2024-09-30,31
INV1309,Yakshit Datta,Lawyer,65826,393,2024-06-16,2024-07-08,32624,Mumbai,1,2024-07-07,21
INV1310,Vardaniya Yadav,Engineer,11406,869,2024-08-16,2024-08-30,32017,Mumbai,0,2024-09-03,18
INV1311,Nitya Zacharia,Doctor,70300,514,2023-12-23,2024-01-01,24090,Hyderabad,1,2024-01-01,9
INV1312,Uthkarsh Divan,Banker,21297,684,2025-01-04,2025-01-24,10311,Pune,1,2025-01-24,20
INV1313,Ayesha De,Teacher,83330,703,2024-05-30,2024-06-14,18573,Bangalore,1,2024-06-14,15
INV1314,Myra Srivastava,Doctor,36720,721,2024-06-28,2024-07-09,42466,Pune,1,2024-07-08,10
INV1315,Divij Chopra,Artist,39424,462,2025-06-07,2025-06-27,9801,Kolkata,1,2025-06-25,18
INV1316,Jivika Sagar,Teacher,61068,861,2024-05-08,2024-06-05,11461,Hyderabad,1,2024-06-03,26
INV1317,Ishita Bhatia,Driver,28055,802,2023-12-01,2023-12-17,5565,Ahmedabad,1,2023-12-17,16
INV1318,Kanav Savant,Doctor,95791,837,2024-08-24,2024-09-15,3936,Chennai,1,2024-09-14,21
INV1319,Dhanush Dayal,Lawyer,44052,640,2025-01-15,2025-02-14,11136,Kolkata,1,2025-02-13,29
INV1320,Dishani Bail,Doctor,72090,439,2025-03-11,2025-04-09,12605,Bangalore,1,2025-04-08,28
INV1321,Rati Korpal,Accountant,74487,600,2024-12-21,2025-01-06,16843,Chennai,1,2025-01-06,16
INV1322,Vritika Samra,Engineer,35720,834,2024-08-28,2024-09-24,49863,Hyderabad,1,2024-09-23,26
INV1323,Jayesh Mander,Artist,62676,404,2025-04-13,2025-05-13,40566,Delhi,0,2025-05-18,35
INV1324,Umang Kurian,Teacher,71427,837,2023-09-17,2023-10-01,34602,Kolkata,1,2023-10-01,14
INV1325,Zeeshan Bedi,Accountant,29692,746,2024-11-05,2024-11-12,20724,Kolkata,1,2024-11-10,5
INV1326,Riya Sinha,Teacher,91135,746,2023-11-19,2023-12-03,9353,Chennai,1,2023-12-03,14
INV1327,Jayan Chauhan,Lawyer,36103,699,2024-05-22,2024-05-29,36075,Mumbai,1,2024-05-27,5
INV1328,Mannat Maharaj,Student,26398,731,2023-11-02,2023-11-10,34021,Chennai,1,2023-11-09,7
INV1329,Ahana  Thakkar,Engineer,14921,522,2023-07-15,2023-08-04,20729,Ahmedabad,1,2023-08-03,19
INV1330,Eva Dora,Doctor,61654,378,2025-03-14,2025-04-03,19396,Mumbai,0,2025-04-05,22
INV1331,Nirvi Bajaj,Lawyer,27197,527,2025-06-13,2025-07-08,8488,Mumbai,1,2025-07-08,25
INV1332,Umang Malhotra,Driver,70783,477,2023-11-13,2023-12-10,34671,Ahmedabad,0,2023-12-25,42
INV1333,Ivan Golla,Accountant,59725,893,2024-07-02,2024-07-26,13157,Mumbai,1,2024-07-25,23
INV1334,Yakshit Kanda,Banker,82423,798,2025-06-02,2025-06-22,45597,Mumbai,1,2025-06-22,20
INV1335,Romil Dhaliwal,Accountant,30725,587,2024-01-06,2024-01-18,15957,Mumbai,1,2024-01-18,12
INV1336,Krish Jain,Accountant,51434,776,2025-06-21,2025-07-21,26754,Pune,1,2025-07-19,28
INV1337,Rhea Batra,Engineer,25105,522,2025-02-13,2025-03-09,22816,Delhi,1,2025-03-08,23
INV1338,Dharmajan Dar,Doctor,63552,506,2023-07-11,2023-07-24,15044,Pune,1,2023-07-23,12
INV1339,Bhavin Kapoor,Engineer,61381,789,2024-12-09,2025-01-03,25480,Jaipur,1,2025-01-03,25
INV1340,Nehmat Mahal,Lawyer,39796,775,2025-05-18,2025-06-15,44373,Ahmedabad,1,2025-06-14,27
INV1341,Nayantara Srinivasan,Accountant,20920,841,2024-06-16,2024-07-11,6190,Hyderabad,1,2024-07-09,23
INV1342,Dharmajan Lata,Teacher,31721,394,2024-08-16,2024-08-27,37644,Ahmedabad,1,2024-08-26,10
INV1343,Indrajit Varma,Driver,39154,771,2024-05-13,2024-06-08,45629,Mumbai,1,2024-06-07,25
INV1344,Ojas Rau,Engineer,27202,478,2023-07-25,2023-08-23,24428,Bangalore,1,2023-08-22,28
INV1345,Ela Jaggi,Banker,25321,827,2024-05-17,2024-05-24,34341,Hyderabad,1,2024-05-24,7
INV1346,Manjari Bhagat,Engineer,17252,515,2024-04-11,2024-04-25,26502,Kolkata,1,2024-04-25,14
INV1347,Shaan Kulkarni,Banker,36142,581,2024-03-05,2024-04-03,15218,Mumbai,1,2024-04-01,27
INV1348,Hrishita Venkataraman,Doctor,20209,464,2023-11-17,2023-12-16,38744,Pune,0,2023-12-19,32
INV1349,Anika Lal,Engineer,86341,645,2024-12-21,2025-01-04,49360,Ahmedabad,1,2025-01-04,14
INV1350,Kashvi Datta,Lawyer,29640,476,2023-08-25,2023-09-21,17603,Bangalore,1,2023-09-19,25
INV1351,Inaaya  Yohannan,Lawyer,86359,702,2024-05-19,2024-05-26,19905,Pune,1,2024-05-24,5
INV1352,Aniruddh Lanka,Student,33648,403,2023-10-18,2023-11-16,14934,Ahmedabad,0,2023-11-29,42
INV1353,Aarav Aggarwal,Artist,58092,893,2025-03-16,2025-03-31,24793,Jaipur,1,2025-03-30,14
INV1354,Nehmat Walia,Engineer,81460,818,2024-10-01,2024-10-31,27971,Kolkata,1,2024-10-29,28
INV1355,Samiha Dyal,Banker,84654,431,2023-06-30,2023-07-20,22664,Bangalore,1,2023-07-19,19
INV1356,Dharmajan Dora,Teacher,15535,536,2025-03-14,2025-03-26,30611,Pune,1,2025-03-24,10
INV1357,Yuvraj  Bhatt,Driver,10099,763,2023-10-28,2023-11-08,32376,Ahmedabad,1,2023-11-06,9
INV1358,Neysa Mani,Student,81074,533,2024-03-22,2024-04-07,35434,Kolkata,1,2024-04-06,15
INV1359,Eva Khurana,Accountant,53255,391,2024-07-01,2024-07-31,15739,Mumbai,1,2024-07-31,30
INV1360,Anay Varty,Doctor,32395,702,2024-06-16,2024-07-16,40548,Hyderabad,1,2024-07-16,30
INV1361,Anya Koshy,Banker,52299,377,2025-05-22,2025-06-07,28688,Pune,0,2025-06-21,30
INV1362,Ritvik Dora,Engineer,29425,350,2024-02-01,2024-03-01,5801,Hyderabad,1,2024-02-29,28
INV1363,Damini Korpal,Artist,92452,730,2025-03-18,2025-04-06,2802,Chennai,0,2025-04-16,29
INV1364,Anaya Bhalla,Banker,26414,428,2023-09-30,2023-10-11,31448,Kolkata,0,2023-10-22,22
INV1365,Shlok Chakraborty,Driver,21921,317,2024-05-29,2024-06-14,26352,Ahmedabad,0,2024-06-25,27
INV1366,Fateh Dhingra,Banker,45948,336,2024-03-14,2024-04-04,15080,Ahmedabad,0,2024-04-13,30
INV1367,Uthkarsh Sengupta,Lawyer,99521,692,2024-02-12,2024-03-09,2852,Kolkata,1,2024-03-09,26
INV1368,Pranay Shetty,Engineer,63775,321,2024-11-05,2024-11-16,4290,Kolkata,0,2024-11-17,12
INV1369,Neysa Badami,Lawyer,95374,725,2024-04-02,2024-04-16,49531,Pune,1,2024-04-15,13
INV1370,Sahil Ravel,Lawyer,49212,356,2023-11-04,2023-11-21,27653,Pune,0,2023-12-06,32
INV1371,Lagan Rau,Student,56993,717,2024-04-13,2024-05-06,31416,Kolkata,1,2024-05-06,23
INV1372,Neysa Kala,Lawyer,57870,651,2024-12-12,2024-12-19,37594,Chennai,1,2024-12-17,5
INV1373,Nishith Swamy,Lawyer,72883,895,2023-11-17,2023-11-28,29720,Mumbai,1,2023-11-28,11
INV1374,Dhruv Thaman,Banker,29821,784,2025-06-02,2025-06-19,36202,Ahmedabad,1,2025-06-19,17
INV1375,Jivin Vyas,Driver,49256,458,2024-03-30,2024-04-20,8443,Bangalore,0,2024-04-26,27
INV1376,Dhanuk Loyal,Banker,65892,621,2025-05-01,2025-05-08,47158,Mumbai,1,2025-05-08,7
INV1377,Alia Varughese,Engineer,71586,302,2023-12-07,2024-01-01,46267,Mumbai,0,2024-01-10,34
INV1378,Yakshit Bala,Artist,90693,625,2024-07-01,2024-07-25,7175,Chennai,1,2024-07-23,22
INV1379,Aaryahi Sen,Banker,84565,639,2023-09-22,2023-10-14,48354,Pune,1,2023-10-13,21
INV1380,Riya Gera,Doctor,95332,805,2024-08-19,2024-08-26,48325,Ahmedabad,1,2024-08-24,5
INV1381,Arnav Bhatt,Driver,37461,423,2025-02-18,2025-03-07,25564,Kolkata,0,2025-03-22,32
INV1382,Priyansh Khalsa,Banker,86502,502,2024-06-04,2024-06-13,19570,Delhi,1,2024-06-11,7
INV1383,Tejas Lad,Banker,28846,400,2025-04-17,2025-05-04,41195,Jaipur,0,2025-05-05,18
INV1384,Tarini Master,Artist,81190,853,2023-10-29,2023-11-26,43947,Kolkata,0,2023-11-30,32
INV1385,Damini Dâ€™Alia,Accountant,42148,609,2023-09-09,2023-10-02,29320,Hyderabad,1,2023-10-01,22
INV1386,Ojas Balay,Driver,42857,776,2023-07-13,2023-08-08,7159,Jaipur,1,2023-08-07,25
INV1387,Prisha Subramaniam,Lawyer,58966,429,2024-01-13,2024-01-24,30555,Kolkata,1,2024-01-24,11
INV1388,Samiha Dhar,Student,93884,623,2025-04-28,2025-05-21,8608,Hyderabad,1,2025-05-21,23
INV1389,Divit Das,Accountant,39989,320,2023-09-20,2023-09-30,1797,Jaipur,0,2023-10-05,15
INV1390,Samiha Maharaj,Artist,88661,541,2025-02-22,2025-03-02,21227,Mumbai,0,2025-03-13,19
INV1391,Zeeshan Aurora,Banker,67507,774,2024-03-12,2024-04-01,8816,Mumbai,1,2024-04-01,20
INV1392,Zaina Agate,Teacher,71300,346,2023-11-26,2023-12-04,44006,Chennai,0,2023-12-06,10
INV1393,Nakul Shan,Lawyer,25046,483,2025-02-15,2025-03-13,3639,Delhi,0,2025-03-24,37
INV1394,Khushi Srivastava,Student,40723,895,2024-05-22,2024-05-29,24138,Chennai,0,2024-06-08,17
INV1395,Kaira Subramanian,Banker,87597,531,2024-03-30,2024-04-14,49963,Ahmedabad,1,2024-04-14,15
INV1396,Samaira Bassi,Lawyer,77552,778,2024-03-11,2024-03-25,48785,Bangalore,1,2024-03-25,14
INV1397,Aaina Thaman,Artist,59737,537,2025-05-01,2025-05-14,7454,Ahmedabad,0,2025-05-25,24
INV1398,Vedika Sood,Student,54434,364,2024-10-07,2024-10-25,9381,Pune,0,2024-11-03,27
INV1399,Ryan Roy,Lawyer,89046,741,2023-09-30,2023-10-16,46938,Kolkata,1,2023-10-15,15
INV1400,Taimur Dash,Doctor,59664,329,2024-06-28,2024-07-09,36623,Pune,1,2024-07-07,9
INV1401,Tara Yogi,Engineer,16532,871,2024-07-16,2024-07-26,15935,Bangalore,1,2024-07-25,9
INV1402,Anika Karnik,Banker,83685,598,2024-04-04,2024-05-02,36384,Delhi,1,2024-05-01,27
INV1403,Fateh Contractor,Teacher,59636,833,2025-04-05,2025-05-05,4953,Mumbai,1,2025-05-05,30
INV1404,Pihu Date,Artist,37225,307,2023-07-08,2023-07-27,27727,Chennai,0,2023-08-08,31
INV1405,Aniruddh Ahuja,Banker,12088,534,2024-05-30,2024-06-08,15913,Kolkata,1,2024-06-07,8
INV1406,Mannat Iyengar,Doctor,66893,561,2024-03-26,2024-04-21,45205,Ahmedabad,1,2024-04-21,26
INV1407,Rhea Sarna,Accountant,69925,810,2024-11-26,2024-12-06,43133,Pune,1,2024-12-05,9
INV1408,Yuvaan Brahmbhatt,Artist,71298,635,2025-04-25,2025-05-16,27366,Pune,1,2025-05-16,21
INV1409,Aayush Soni,Banker,98823,718,2025-02-24,2025-03-05,41746,Ahmedabad,1,2025-03-03,7
INV1410,Jhanvi Mangal,Engineer,78092,722,2023-11-21,2023-12-02,40636,Pune,1,2023-12-02,11
INV1411,Shlok Chadha,Teacher,19535,695,2024-02-19,2024-03-19,44301,Mumbai,1,2024-03-19,29
INV1412,Indrans Yohannan,Artist,99311,461,2024-12-05,2024-12-16,23943,Hyderabad,0,2024-12-29,24
INV1413,Shamik Samra,Teacher,11096,782,2024-05-24,2024-06-16,25798,Pune,1,2024-06-14,21
INV1414,Manjari Koshy,Banker,49350,512,2024-01-11,2024-02-05,42619,Chennai,1,2024-02-03,23
INV1415,Piya Chaudhuri,Banker,29508,354,2024-11-25,2024-12-08,2829,Delhi,0,2024-12-18,23
INV1416,Amira Raj,Engineer,91175,733,2024-10-05,2024-10-12,8384,Ahmedabad,1,2024-10-11,6
INV1417,Anaya Barman,Student,44356,427,2024-02-18,2024-03-04,11734,Kolkata,0,2024-03-08,19
INV1418,Prerak Setty,Accountant,15941,406,2023-09-09,2023-09-30,22938,Kolkata,0,2023-10-06,27
INV1419,Sara Arora,Engineer,85071,721,2025-06-01,2025-06-08,41562,Bangalore,1,2025-06-07,6
INV1420,Sara Varkey,Teacher,96197,364,2024-04-02,2024-04-27,6911,Bangalore,1,2024-04-27,25
INV1421,Charvi Sanghvi,Artist,74879,810,2024-01-12,2024-02-08,6852,Bangalore,0,2024-02-12,31
INV1422,Misha Chaudry,Driver,91173,418,2024-02-15,2024-03-06,11352,Jaipur,1,2024-03-05,19
INV1423,Kiaan Char,Doctor,34994,444,2023-07-04,2023-07-31,17551,Kolkata,1,2023-07-30,26
INV1424,Elakshi Dara,Doctor,67816,660,2024-03-02,2024-03-15,19465,Delhi,1,2024-03-13,11
INV1425,Ranbir Chawla,Banker,16160,339,2024-12-16,2025-01-15,33300,Mumbai,0,2025-01-16,31
INV1426,Indranil Sem,Artist,15302,420,2024-03-09,2024-03-26,48326,Pune,0,2024-04-01,23
INV1427,Ayesha Chacko,Artist,32240,538,2024-09-12,2024-09-23,34419,Pune,1,2024-09-22,10
INV1428,Tarini Bera,Doctor,85768,550,2025-03-28,2025-04-13,31852,Hyderabad,1,2025-04-13,16
INV1429,Mishti Kade,Accountant,66708,808,2024-07-05,2024-07-17,15331,Mumbai,1,2024-07-17,12
INV1430,Dhruv Dora,Artist,81896,899,2025-03-22,2025-04-07,21106,Kolkata,1,2025-04-06,15
INV1431,Renee Bir,Banker,43168,370,2023-12-14,2023-12-30,22026,Chennai,1,2023-12-29,15
INV1432,Saksham Rout,Teacher,15142,396,2024-07-31,2024-08-30,37390,Kolkata,0,2024-09-10,41
INV1433,Lakshit Bains,Driver,82312,488,2025-02-15,2025-02-23,32693,Bangalore,0,2025-02-24,9
INV1434,Khushi Khurana,Driver,35177,795,2024-07-10,2024-07-27,27548,Bangalore,1,2024-07-26,16
INV1435,Badal Shukla,Student,84272,759,2024-06-29,2024-07-29,30544,Jaipur,1,2024-07-28,29
INV1436,Sumer Deshmukh,Student,63036,711,2024-11-19,2024-11-28,20473,Ahmedabad,1,2024-11-28,9
INV1437,Tanya Sarraf,Banker,61817,821,2024-11-11,2024-11-21,44039,Jaipur,1,2024-11-19,8
INV1438,Ivan Dasgupta,Driver,15728,336,2024-02-28,2024-03-09,4525,Hyderabad,0,2024-03-23,24
INV1439,Anahi Sanghvi,Artist,54941,538,2024-08-19,2024-08-31,15302,Hyderabad,0,2024-09-03,15
INV1440,Ehsaan Choudhry,Artist,46378,828,2025-01-21,2025-02-18,20570,Hyderabad,1,2025-02-17,27
INV1441,Badal Ravel,Doctor,10698,836,2024-05-01,2024-05-24,35791,Mumbai,1,2024-05-22,21
INV1442,Jayant Rana,Lawyer,15795,776,2025-04-03,2025-04-24,38815,Mumbai,0,2025-05-02,29
INV1443,Aaryahi Rege,Driver,28615,780,2023-12-29,2024-01-22,5231,Kolkata,1,2024-01-22,24
INV1444,Nehmat Kanda,Lawyer,14199,377,2024-04-26,2024-05-26,9571,Bangalore,0,2024-05-28,32
INV1445,Onkar Kota,Student,16829,568,2024-07-22,2024-08-03,14850,Kolkata,0,2024-08-07,16
INV1446,Sara Lall,Artist,91581,426,2024-01-10,2024-02-08,39144,Hyderabad,0,2024-02-23,44
INV1447,Rhea Kamdar,Doctor,51651,750,2023-08-19,2023-08-27,13953,Delhi,1,2023-08-27,8
INV1448,Sumer Gopal,Engineer,10052,709,2024-03-20,2024-03-27,1617,Pune,1,2024-03-26,6
INV1449,Uthkarsh Rattan,Accountant,82133,650,2024-12-21,2025-01-06,8888,Pune,1,2025-01-04,14
INV1450,Kabir Zacharia,Lawyer,76658,373,2023-10-22,2023-11-04,18578,Hyderabad,0,2023-11-07,16
INV1451,Myra Choudhury,Accountant,32108,761,2025-02-09,2025-03-03,34507,Hyderabad,1,2025-03-02,21
INV1452,Piya Sami,Artist,50066,648,2024-11-21,2024-12-16,1797,Jaipur,1,2024-12-14,23
INV1453,Mamooty Kari,Engineer,89424,801,2024-02-16,2024-03-07,1910,Kolkata,1,2024-03-06,19
INV1454,Saanvi Deep,Doctor,37937,897,2025-03-25,2025-04-01,26174,Kolkata,1,2025-04-01,7
INV1455,Lavanya Bobal,Student,82537,374,2023-09-24,2023-10-14,6370,Delhi,1,2023-10-12,18
INV1456,Ivana Doshi,Accountant,86951,353,2023-06-30,2023-07-24,25373,Ahmedabad,0,2023-07-29,29
INV1457,Yuvaan Varghese,Teacher,91145,438,2024-11-22,2024-12-04,35499,Hyderabad,1,2024-12-03,11
INV1458,Hazel Bala,Artist,77637,639,2025-03-23,2025-04-18,12975,Hyderabad,1,2025-04-16,24
INV1459,Mahika Dutta,Engineer,98388,527,2024-05-12,2024-05-30,34662,Pune,1,2024-05-28,16
INV1460,Riaan Dhillon,Artist,43741,451,2023-08-05,2023-08-24,15444,Pune,1,2023-08-24,19
INV1461,Divit Sarin,Student,91391,433,2024-03-14,2024-04-11,40365,Chennai,0,2024-04-18,35
INV1462,Baiju Sridhar,Doctor,74849,713,2023-07-26,2023-08-24,2918,Delhi,1,2023-08-23,28
INV1463,Darshit Doctor,Teacher,19479,583,2024-07-27,2024-08-07,13296,Delhi,0,2024-08-08,12
INV1464,Hazel Chaudhary,Doctor,82218,888,2023-08-05,2023-08-18,8733,Delhi,1,2023-08-17,12
INV1465,Yakshit Das,Artist,20133,788,2024-04-20,2024-05-15,35110,Bangalore,0,2024-05-17,27
INV1466,Himmat Upadhyay,Doctor,33615,671,2024-01-03,2024-01-31,17736,Chennai,1,2024-01-30,27
INV1467,Arnav Tak,Lawyer,79537,614,2024-10-09,2024-10-26,34735,Delhi,1,2024-10-25,16
INV1468,Arnav Ahluwalia,Banker,54131,309,2024-02-26,2024-03-23,18058,Kolkata,0,2024-03-29,32
INV1469,Faiyaz Chakraborty,Lawyer,24077,478,2024-12-05,2024-12-25,5328,Jaipur,0,2025-01-02,28
INV1470,Aarav Karpe,Doctor,18556,588,2024-03-02,2024-04-01,36110,Chennai,1,2024-03-30,28
INV1471,Tanya Yohannan,Accountant,99745,763,2024-08-29,2024-09-06,27435,Chennai,1,2024-09-06,8
INV1472,Gatik Gara,Lawyer,86447,393,2024-01-24,2024-02-18,35259,Hyderabad,1,2024-02-16,23
INV1473,Indrajit Sethi,Engineer,72368,408,2024-05-09,2024-05-22,9518,Pune,0,2024-06-05,27
INV1474,Abram Wadhwa,Engineer,69443,569,2023-10-02,2023-10-21,18464,Chennai,1,2023-10-19,17
INV1475,Lakshay Doshi,Teacher,57954,375,2025-01-16,2025-02-07,13696,Delhi,1,2025-02-05,20
INV1476,Saira Sem,Engineer,95235,862,2025-06-07,2025-07-01,19964,Chennai,1,2025-06-30,23
INV1477,Vedika Sule,Banker,60407,366,2023-12-09,2023-12-22,1902,Delhi,0,2023-12-24,15
INV1478,Krish Dewan,Engineer,92165,547,2025-06-21,2025-07-15,38136,Hyderabad,1,2025-07-14,23
INV1479,Divit Sengupta,Accountant,82836,797,2023-07-30,2023-08-17,15938,Chennai,1,2023-08-16,17
INV1480,Vihaan Rao,Engineer,52977,895,2025-06-16,2025-07-07,16667,Hyderabad,1,2025-07-07,21
INV1481,Bhamini Varkey,Doctor,88241,323,2024-03-09,2024-03-17,42405,Ahmedabad,1,2024-03-17,8
INV1482,Ishita Bhagat,Banker,20604,626,2023-07-15,2023-07-22,14271,Mumbai,1,2023-07-20,5
INV1483,Saanvi Sachar,Lawyer,46107,510,2024-10-21,2024-11-03,41707,Kolkata,1,2024-11-03,13
INV1484,Ira Raman,Lawyer,24296,840,2025-05-25,2025-06-04,11274,Bangalore,1,2025-06-03,9
INV1485,Vihaan Guha,Accountant,33778,362,2025-05-27,2025-06-18,3177,Delhi,1,2025-06-16,20
INV1486,Suhana Khatri,Student,39725,703,2024-07-04,2024-07-25,16454,Jaipur,0,2024-07-28,24
INV1487,Lagan Cherian,Doctor,22837,555,2024-05-18,2024-06-11,41799,Chennai,1,2024-06-11,24
INV1488,Jivin Comar,Student,52963,347,2024-09-02,2024-09-10,39768,Jaipur,0,2024-09-16,14
INV1489,Azad Varughese,Banker,76239,567,2025-06-16,2025-07-09,21648,Bangalore,1,2025-07-09,23
INV1490,Darshit Sengupta,Teacher,25786,334,2025-06-20,2025-06-30,23276,Pune,1,2025-06-29,9
INV1491,Manikya Dar,Banker,39702,708,2025-01-16,2025-02-06,5911,Hyderabad,1,2025-02-06,21
INV1492,Samar Thaman,Doctor,18973,322,2023-07-29,2023-08-23,30740,Pune,1,2023-08-23,25
INV1493,Jayan Warrior,Artist,31040,381,2024-12-09,2024-12-30,13505,Hyderabad,1,2024-12-30,21
INV1494,Armaan Gopal,Doctor,24684,451,2024-11-05,2024-11-23,35298,Chennai,1,2024-11-21,16
INV1495,Biju Chad,Engineer,45136,595,2023-11-15,2023-11-25,47553,Chennai,1,2023-11-25,10
INV1496,Rati Bal,Doctor,77102,674,2024-09-15,2024-10-01,3058,Delhi,1,2024-09-30,15
INV1497,Nayantara Bhattacharyya,Student,39493,762,2024-05-05,2024-05-18,45062,Pune,0,2024-05-25,20
INV1498,Nirvaan Baria,Artist,18159,629,2024-12-17,2025-01-03,41118,Hyderabad,0,2025-01-04,18
INV1499,Shanaya Sabharwal,Doctor,25931,731,2024-11-19,2024-12-09,25103,Bangalore,1,2024-12-07,18
INV1500,Eva Ratta,Driver,74187,695,2024-12-28,2025-01-06,17944,Kolkata,1,2025-01-05,8
INV1501,Nitya Kar,Doctor,56907,313,2025-01-24,2025-02-16,46921,Chennai,0,2025-02-17,24
INV1502,Kiaan Varughese,Lawyer,52154,804,2024-01-19,2024-02-04,43635,Hyderabad,1,2024-02-02,14
INV1503,Faiyaz Ranganathan,Accountant,97258,448,2024-05-21,2024-06-07,6888,Bangalore,1,2024-06-07,17
INV1504,Ishita Kuruvilla,Teacher,53372,305,2024-06-03,2024-07-02,13769,Jaipur,1,2024-06-30,27
INV1505,Vihaan Ravi,Teacher,99016,338,2024-07-02,2024-07-11,21972,Pune,0,2024-07-17,15
INV1506,Akarsh Sant,Student,50138,689,2023-08-15,2023-09-06,33718,Mumbai,1,2023-09-04,20
INV1507,Amira Lall,Banker,31791,373,2024-07-04,2024-07-25,1451,Bangalore,0,2024-08-02,29
INV1508,Miraya Sane,Engineer,40522,491,2024-06-18,2024-07-10,6280,Delhi,1,2024-07-09,21
INV1509,Onkar Bali,Student,22453,439,2024-01-28,2024-02-22,29388,Bangalore,1,2024-02-21,24
INV1510,Kabir Samra,Lawyer,32720,846,2024-01-23,2024-02-12,19766,Jaipur,1,2024-02-10,18
INV1511,Anahi Krish,Student,57828,756,2025-06-06,2025-06-16,4724,Ahmedabad,0,2025-06-25,19
INV1512,Baiju Zacharia,Doctor,43168,368,2023-09-08,2023-10-08,15229,Ahmedabad,1,2023-10-07,29
INV1513,Dhruv Dalal,Artist,55695,769,2024-09-18,2024-10-14,49894,Pune,1,2024-10-13,25
INV1514,Devansh Aurora,Driver,27539,815,2025-03-08,2025-03-26,26334,Hyderabad,1,2025-03-25,17
INV1515,Zeeshan Chanda,Artist,58841,460,2023-09-18,2023-10-10,15899,Pune,1,2023-10-08,20
INV1516,Shray Bir,Driver,23435,584,2025-04-08,2025-04-29,19132,Chennai,1,2025-04-28,20
INV1517,Pranay Kara,Accountant,88021,646,2024-05-01,2024-05-10,37657,Hyderabad,1,2024-05-08,7
INV1518,Priyansh Koshy,Doctor,91360,764,2024-11-09,2024-12-04,14597,Bangalore,1,2024-12-04,25
INV1519,Purab Sachdev,Engineer,19425,865,2025-06-15,2025-06-26,43609,Kolkata,1,2025-06-25,10
INV1520,Mamooty Sanghvi,Teacher,20834,791,2024-08-05,2024-09-04,46691,Mumbai,1,2024-09-03,29
INV1521,Drishya Vyas,Artist,35206,377,2025-03-02,2025-03-27,2214,Mumbai,0,2025-04-03,32
INV1522,Aarna Hora,Engineer,81323,432,2025-03-14,2025-04-13,4966,Pune,1,2025-04-11,28
INV1523,Yuvraj  Ramesh,Banker,33714,560,2024-04-23,2024-05-01,33696,Pune,1,2024-04-29,6
INV1524,Anay Kata,Engineer,27397,864,2023-12-30,2024-01-22,35648,Jaipur,1,2024-01-20,21
INV1525,Lagan Arya,Engineer,66603,416,2023-11-08,2023-11-21,49045,Mumbai,1,2023-11-20,12
INV1526,Damini Goda,Driver,37862,609,2023-10-26,2023-11-14,16859,Mumbai,1,2023-11-14,19
INV1527,Onkar Basak,Doctor,44119,784,2023-12-01,2023-12-24,28347,Jaipur,1,2023-12-23,22
INV1528,Himmat Subramaniam,Lawyer,76629,833,2024-10-17,2024-11-01,20131,Ahmedabad,1,2024-11-01,15
INV1529,Dhanush Malhotra,Accountant,67472,459,2024-01-19,2024-01-26,42038,Delhi,0,2024-02-01,13
INV1530,Aaryahi Hora,Driver,64831,774,2025-06-06,2025-06-27,7606,Kolkata,1,2025-06-26,20
INV1531,Siya Singhal,Doctor,41261,433,2023-07-08,2023-07-19,10110,Ahmedabad,1,2023-07-17,9
INV1532,Veer Sani,Doctor,88115,354,2024-12-21,2024-12-31,33427,Delhi,1,2024-12-29,8
INV1533,Indrajit Shetty,Artist,18864,861,2024-09-26,2024-10-06,46584,Kolkata,1,2024-10-06,10
INV1534,Myra Chaudry,Accountant,59216,666,2025-05-10,2025-06-09,41552,Hyderabad,1,2025-06-08,29
INV1535,Ira Banik,Teacher,20688,373,2024-10-26,2024-11-09,6075,Ahmedabad,1,2024-11-07,12
INV1536,Anaya Sridhar,Driver,36721,526,2024-12-28,2025-01-18,7451,Hyderabad,1,2025-01-17,20
INV1537,Nishith Kashyap,Banker,56453,499,2024-08-01,2024-08-18,6819,Pune,0,2024-09-01,31
INV1538,Badal Setty,Artist,60813,748,2024-10-26,2024-11-04,19195,Ahmedabad,1,2024-11-04,9
INV1539,Mehul Kulkarni,Accountant,55270,454,2025-06-19,2025-07-12,46534,Hyderabad,1,2025-07-10,21
INV1540,Gokul Ramanathan,Lawyer,36176,638,2024-10-12,2024-11-05,11122,Pune,1,2024-11-05,24
INV1541,Sana Bandi,Doctor,82458,360,2024-10-10,2024-11-05,16374,Hyderabad,0,2024-11-17,38
INV1542,Pari Deshpande,Teacher,31389,382,2024-07-28,2024-08-18,28075,Bangalore,1,2024-08-18,21
INV1543,Parinaaz Bedi,Student,30937,849,2023-11-05,2023-11-19,15477,Bangalore,1,2023-11-19,14
INV1544,Mamooty Chander,Banker,93221,302,2025-01-26,2025-02-15,35949,Jaipur,1,2025-02-15,20
INV1545,Divyansh Kadakia,Student,66802,586,2024-11-04,2024-11-28,24169,Jaipur,0,2024-11-30,26
INV1546,Purab Chaudhary,Banker,81562,896,2023-10-20,2023-11-10,41664,Ahmedabad,1,2023-11-08,19
INV1547,Mohanlal Batta,Banker,67633,702,2023-07-15,2023-08-03,4500,Chennai,1,2023-08-01,17
INV1548,Zaina Gola,Banker,79503,695,2023-10-22,2023-10-30,37088,Ahmedabad,1,2023-10-28,6
INV1549,Zara Ganesh,Artist,65181,846,2025-01-27,2025-02-07,19171,Kolkata,1,2025-02-06,10
INV1550,Miraan Kashyap,Driver,64307,438,2024-02-19,2024-03-10,35168,Bangalore,0,2024-03-12,22
INV1551,Abram Varughese,Driver,36070,408,2023-08-13,2023-08-28,14294,Bangalore,0,2023-09-12,30
INV1552,Gatik Gole,Engineer,26383,680,2024-06-21,2024-07-12,25118,Chennai,1,2024-07-11,20
INV1553,Zaina Kara,Accountant,66376,717,2023-08-25,2023-09-17,19227,Mumbai,1,2023-09-17,23
INV1554,Myra Seth,Driver,81481,364,2025-03-16,2025-04-13,11671,Hyderabad,0,2025-04-17,32
INV1555,Badal Apte,Accountant,83307,328,2024-05-27,2024-06-12,48051,Delhi,0,2024-06-20,24
INV1556,Jayesh Soni,Lawyer,36356,650,2024-07-17,2024-08-16,37156,Jaipur,1,2024-08-14,28
INV1557,Hansh Sheth,Artist,34671,314,2023-12-04,2023-12-21,18135,Pune,1,2023-12-21,17
INV1558,Miraya Goel,Teacher,45270,721,2023-10-20,2023-11-09,1036,Ahmedabad,1,2023-11-08,19
INV1559,Prerak Mandal,Engineer,76904,542,2024-09-07,2024-09-26,6065,Ahmedabad,1,2024-09-25,18
INV1560,Anahita Saran,Teacher,41893,495,2025-03-02,2025-03-14,33183,Hyderabad,1,2025-03-12,10
INV1561,Miraan Contractor,Student,38219,488,2025-04-18,2025-05-06,31561,Delhi,0,2025-05-16,28
INV1562,Adira Ravi,Lawyer,38850,597,2023-08-03,2023-09-01,1999,Kolkata,1,2023-08-30,27
INV1563,Veer Sodhi,Accountant,90647,722,2024-06-11,2024-07-11,6650,Jaipur,1,2024-07-10,29
INV1564,Amani Sane,Artist,30076,536,2025-03-09,2025-03-22,4577,Pune,1,2025-03-20,11
INV1565,Anahita Sahota,Student,45089,783,2025-04-20,2025-05-11,34645,Jaipur,1,2025-05-09,19
INV1566,Lakshay Bhandari,Accountant,26383,634,2025-01-26,2025-02-11,44272,Ahmedabad,1,2025-02-11,16
INV1567,Yashvi Venkataraman,Engineer,50683,419,2023-09-22,2023-10-19,33774,Delhi,0,2023-10-20,28
INV1568,Faiyaz Yohannan,Artist,56231,600,2023-11-08,2023-11-25,4347,Ahmedabad,0,2023-12-01,23
INV1569,Biju Sarraf,Engineer,24430,683,2023-08-03,2023-08-11,36391,Ahmedabad,1,2023-08-11,8
INV1570,Drishya Andra,Banker,39629,824,2024-01-12,2024-02-05,20524,Kolkata,1,2024-02-05,24
INV1571,Vihaan Chand,Student,51414,819,2024-06-17,2024-07-08,38319,Jaipur,1,2024-07-08,21
INV1572,Armaan Sinha,Driver,12400,565,2024-07-23,2024-08-01,40212,Mumbai,0,2024-08-15,23
INV1573,Aarav Dâ€™Alia,Doctor,24485,322,2024-04-28,2024-05-08,46968,Kolkata,1,2024-05-08,10
INV1574,Advika Hegde,Banker,83739,560,2024-04-25,2024-05-17,31454,Hyderabad,1,2024-05-15,20
INV1575,Sumer Sarma,Teacher,65148,638,2025-01-06,2025-02-04,39162,Ahmedabad,1,2025-02-03,28
INV1576,Madhav Kale,Engineer,39503,344,2024-11-18,2024-12-08,27649,Pune,1,2024-12-08,20
INV1577,Madhup Brar,Doctor,33630,715,2023-07-10,2023-07-18,29505,Hyderabad,1,2023-07-16,6
INV1578,Jhanvi Sur,Accountant,30002,392,2024-12-06,2025-01-03,25722,Jaipur,1,2025-01-01,26
INV1579,Jivika Agarwal,Engineer,33138,790,2023-07-07,2023-07-18,14404,Pune,1,2023-07-17,10
INV1580,Sumer Gandhi,Banker,98494,478,2024-07-26,2024-08-11,18175,Delhi,1,2024-08-11,16
INV1581,Suhana Bir,Student,66501,622,2024-01-07,2024-02-02,19649,Chennai,1,2024-02-02,26
INV1582,Baiju Upadhyay,Banker,27006,340,2023-08-28,2023-09-08,2980,Jaipur,0,2023-09-12,15
INV1583,Mahika Mallick,Teacher,94407,387,2024-07-28,2024-08-18,30626,Bangalore,1,2024-08-17,20
INV1584,Fateh Edwin,Artist,35455,564,2024-03-14,2024-04-09,41326,Chennai,1,2024-04-09,26
INV1585,Pranay Sangha,Lawyer,63233,390,2024-10-16,2024-11-13,34974,Chennai,1,2024-11-13,28
INV1586,Farhan Edwin,Artist,45031,300,2024-07-03,2024-08-01,22959,Pune,0,2024-08-16,44
INV1587,Anvi Mannan,Artist,52622,402,2023-08-06,2023-08-14,12544,Ahmedabad,0,2023-08-26,20
INV1588,Zoya Chauhan,Accountant,33745,358,2023-12-20,2024-01-13,12723,Pune,0,2024-01-18,29
INV1589,Indrajit Sur,Banker,71342,818,2024-02-26,2024-03-12,27140,Kolkata,1,2024-03-10,13
INV1590,Sahil Sheth,Artist,52463,355,2025-02-25,2025-03-24,22886,Ahmedabad,1,2025-03-23,26
INV1591,Indrans Borra,Accountant,85026,421,2025-03-31,2025-04-11,14289,Pune,0,2025-04-12,12
INV1592,Keya Kaul,Driver,61312,316,2025-02-01,2025-02-21,12486,Kolkata,1,2025-02-20,19
INV1593,Hansh Sundaram,Student,97391,557,2023-08-27,2023-09-13,49261,Chennai,0,2023-09-17,21
INV1594,Taran Mani,Driver,56633,342,2023-09-19,2023-09-30,25197,Hyderabad,0,2023-10-02,13
INV1595,Riya Kale,Driver,43206,604,2024-12-03,2024-12-15,1388,Pune,1,2024-12-13,10
INV1596,Rhea Mandal,Artist,66319,580,2024-09-25,2024-10-12,49339,Jaipur,0,2024-10-23,28
INV1597,Vidur Cheema,Banker,84476,332,2024-05-27,2024-06-05,3207,Kolkata,1,2024-06-04,8
INV1598,Parinaaz Sunder,Student,39504,874,2023-10-20,2023-11-05,41925,Delhi,1,2023-11-04,15
INV1599,Nirvi Magar,Teacher,57506,661,2024-09-14,2024-10-10,14156,Kolkata,1,2024-10-09,25
INV1600,Neysa Kata,Doctor,52663,894,2024-10-23,2024-10-30,34960,Kolkata,1,2024-10-30,7
INV1601,Yuvaan Khatri,Lawyer,96677,590,2023-10-15,2023-11-14,3988,Mumbai,1,2023-11-13,29
INV1602,Jivin Contractor,Artist,98267,590,2024-03-02,2024-03-09,43163,Pune,1,2024-03-07,5
INV1603,Baiju Deep,Doctor,67748,883,2025-04-30,2025-05-10,19775,Pune,1,2025-05-09,9
INV1604,Hunar Reddy,Artist,21713,705,2025-05-07,2025-05-18,44478,Bangalore,1,2025-05-17,10
INV1605,Ranbir Hayer,Lawyer,73649,716,2024-03-18,2024-04-04,37591,Mumbai,1,2024-04-03,16
INV1606,Nakul Yadav,Artist,71084,769,2024-02-28,2024-03-09,22202,Jaipur,1,2024-03-09,10
INV1607,Neelofar Sachdeva,Banker,70778,476,2024-08-25,2024-09-12,33472,Pune,1,2024-09-11,17
INV1608,Jayesh Babu,Doctor,62736,329,2025-05-12,2025-05-28,29736,Delhi,1,2025-05-28,16
INV1609,Anahita Doctor,Lawyer,42096,475,2025-03-14,2025-03-30,36292,Chennai,1,2025-03-28,14
INV1610,Lagan Choudhary,Accountant,17185,416,2025-03-29,2025-04-09,29501,Kolkata,1,2025-04-08,10
INV1611,Chirag Chanda,Lawyer,31264,301,2024-01-23,2024-01-30,6340,Pune,1,2024-01-30,7
INV1612,Saira Dhar,Doctor,99492,635,2025-01-16,2025-02-07,3232,Hyderabad,1,2025-02-07,22
INV1613,Aarush Venkatesh,Student,87515,328,2025-02-01,2025-02-09,29823,Jaipur,0,2025-02-14,13
INV1614,Seher Mahal,Artist,73116,859,2025-04-03,2025-04-17,9677,Mumbai,0,2025-04-22,19
INV1615,Yuvaan Chadha,Lawyer,97185,716,2024-08-07,2024-08-16,36631,Bangalore,1,2024-08-14,7
INV1616,Zoya Babu,Student,42865,658,2024-03-11,2024-03-20,38764,Hyderabad,1,2024-03-20,9
INV1617,Rati Vora,Driver,46622,858,2025-03-08,2025-03-22,7787,Jaipur,1,2025-03-21,13
INV1618,Ivan Kar,Banker,93769,499,2024-10-04,2024-10-28,42487,Delhi,1,2024-10-26,22
INV1619,Ishita Ramaswamy,Student,71609,817,2024-03-30,2024-04-06,45402,Pune,1,2024-04-05,6
INV1620,Vanya Shere,Lawyer,39866,752,2024-09-09,2024-09-26,18528,Kolkata,1,2024-09-24,15
INV1621,Vihaan Sarraf,Driver,56760,633,2024-03-24,2024-04-16,38176,Jaipur,1,2024-04-16,23
INV1622,Anay Ramachandran,Engineer,45883,604,2024-01-17,2024-02-12,22694,Pune,1,2024-02-12,26
INV1623,Shayak Krish,Student,74878,702,2025-03-22,2025-04-03,14046,Ahmedabad,1,2025-04-01,10
INV1624,Rati Goyal,Accountant,45343,813,2024-03-29,2024-04-06,37449,Kolkata,1,2024-04-05,7
INV1625,Rhea Cherian,Banker,84800,522,2024-10-20,2024-11-14,42433,Chennai,1,2024-11-14,25
INV1626,Nitara Samra,Student,76456,528,2024-06-24,2024-07-22,3741,Hyderabad,1,2024-07-22,28
INV1627,Vaibhav Badal,Banker,69727,491,2025-01-21,2025-02-08,47408,Mumbai,1,2025-02-07,17
INV1628,Misha Rastogi,Teacher,89596,577,2023-12-11,2023-12-24,22714,Hyderabad,1,2023-12-23,12
INV1629,Nishith Ramesh,Doctor,24708,688,2025-05-16,2025-06-12,1409,Chennai,1,2025-06-11,26
INV1630,Nehmat Saini,Teacher,93576,897,2023-12-18,2024-01-16,33565,Mumbai,1,2024-01-14,27
INV1631,Nakul Acharya,Artist,37359,457,2025-05-11,2025-05-23,36918,Kolkata,0,2025-06-07,27
INV1632,Umang Bora,Student,38602,307,2023-07-05,2023-07-17,22918,Mumbai,0,2023-07-25,20
INV1633,Jivin Dugal,Engineer,39290,301,2023-08-09,2023-09-03,12349,Ahmedabad,1,2023-09-01,23
INV1634,Lakshay Zacharia,Artist,54872,577,2023-12-07,2023-12-23,2150,Jaipur,1,2023-12-22,15
INV1635,Mamooty Manda,Student,11878,582,2024-07-15,2024-07-24,30101,Ahmedabad,1,2024-07-22,7
INV1636,Madhav Doshi,Artist,38409,683,2024-11-23,2024-12-21,6397,Mumbai,1,2024-12-19,26
INV1637,Yasmin Keer,Lawyer,47026,371,2024-09-09,2024-09-18,33990,Hyderabad,1,2024-09-18,9
INV1638,Armaan Deol,Driver,92603,555,2025-01-04,2025-01-31,38139,Jaipur,1,2025-01-30,26
INV1639,Diya Bhatia,Artist,91287,703,2024-11-25,2024-12-07,16482,Jaipur,1,2024-12-06,11
INV1640,Kabir Doctor,Accountant,11145,374,2023-09-29,2023-10-07,16978,Bangalore,0,2023-10-15,16
INV1641,Vihaan Agarwal,Driver,17231,761,2023-08-04,2023-08-15,18396,Delhi,0,2023-08-23,19
INV1642,Aaina Bahl,Driver,21906,436,2025-04-11,2025-04-22,6785,Kolkata,0,2025-04-30,19
INV1643,Kavya Johal,Driver,57504,760,2024-04-09,2024-04-25,38274,Kolkata,1,2024-04-23,14
INV1644,Anaya Anne,Lawyer,21902,631,2024-09-18,2024-09-25,49911,Delhi,1,2024-09-24,6
INV1645,Khushi Kapur,Artist,78861,336,2024-08-21,2024-09-12,45507,Ahmedabad,0,2024-09-13,23
INV1646,Pihu Chowdhury,Student,40774,818,2024-03-24,2024-04-19,40425,Jaipur,1,2024-04-19,26
INV1647,Tarini Andra,Driver,63549,636,2025-01-03,2025-01-19,22487,Hyderabad,1,2025-01-17,14
INV1648,Bhamini Kashyap,Driver,70477,413,2023-09-01,2023-09-12,46976,Delhi,0,2023-09-22,21
INV1649,Gokul Mann,Doctor,72474,820,2024-05-30,2024-06-16,27366,Pune,1,2024-06-16,17
INV1650,Rohan Mann,Teacher,41901,506,2023-10-23,2023-11-16,20316,Pune,1,2023-11-16,24
INV1651,Pranay Khatri,Teacher,57129,790,2024-01-28,2024-02-23,32657,Pune,1,2024-02-23,26
INV1652,Lakshit Kadakia,Artist,17887,708,2024-10-24,2024-10-31,5070,Mumbai,0,2024-11-01,8
INV1653,Manikya Kar,Student,55938,895,2025-03-16,2025-03-31,11638,Pune,1,2025-03-31,15
INV1654,Misha Gole,Engineer,83792,712,2025-04-04,2025-04-23,4276,Bangalore,1,2025-04-21,17
INV1655,Neysa Agarwal,Engineer,20946,454,2024-03-05,2024-03-31,10460,Chennai,1,2024-03-29,24
INV1656,Mehul Gour,Banker,14923,402,2025-04-10,2025-04-28,44699,Delhi,0,2025-05-02,22
INV1657,Hunar Lad,Doctor,34096,874,2024-02-22,2024-03-10,7936,Ahmedabad,1,2024-03-09,16
INV1658,Hridaan Ramanathan,Engineer,52593,688,2024-01-05,2024-01-30,39088,Jaipur,1,2024-01-29,24
INV1659,Krish Dugal,Artist,42947,716,2024-04-06,2024-04-26,28027,Delhi,1,2024-04-24,18
INV1660,Jayan Lala,Artist,54880,502,2024-04-29,2024-05-22,2959,Bangalore,1,2024-05-20,21
INV1661,Kismat Char,Driver,89228,502,2025-02-01,2025-02-12,46991,Pune,1,2025-02-12,11
INV1662,Anvi Raman,Accountant,29425,812,2024-05-21,2024-06-17,1084,Bangalore,1,2024-06-15,25
INV1663,Divij Chacko,Teacher,67461,409,2024-11-18,2024-11-30,28641,Mumbai,0,2024-12-13,25
INV1664,Rohan Dhaliwal,Banker,96771,534,2024-08-09,2024-08-21,14289,Mumbai,1,2024-08-20,11
INV1665,Elakshi Sridhar,Lawyer,86531,784,2024-01-21,2024-01-29,36717,Bangalore,1,2024-01-27,6
INV1666,Mannat Mannan,Student,51032,726,2023-10-20,2023-11-05,14738,Mumbai,0,2023-11-17,28
INV1667,Vihaan Sodhi,Banker,84724,705,2024-06-01,2024-06-15,45411,Delhi,1,2024-06-14,13
INV1668,Manikya Sani,Accountant,77961,442,2024-12-25,2025-01-03,36245,Chennai,0,2025-01-10,16
INV1669,Ritvik Viswanathan,Banker,54104,303,2024-10-03,2024-10-28,15250,Kolkata,1,2024-10-26,23
INV1670,Nakul Lal,Artist,59770,318,2025-06-28,2025-07-12,27213,Mumbai,0,2025-07-18,20
INV1671,Jivika Arya,Teacher,48353,686,2024-05-27,2024-06-08,22326,Hyderabad,1,2024-06-08,12
INV1672,Reyansh Chand,Engineer,48639,579,2025-01-18,2025-02-16,7447,Bangalore,1,2025-02-14,27
INV1673,Jivin Ganesan,Doctor,25491,856,2023-09-10,2023-09-23,39190,Kolkata,1,2023-09-23,13
INV1674,Aniruddh Mahal,Doctor,12003,329,2023-07-15,2023-08-12,4767,Jaipur,0,2023-08-21,37
INV1675,Inaaya  Choudhury,Artist,73495,483,2024-07-17,2024-07-25,4934,Pune,1,2024-07-25,8
INV1676,Mishti Bhargava,Teacher,10421,541,2025-01-20,2025-02-12,1660,Ahmedabad,1,2025-02-10,21
INV1677,Seher Gala,Accountant,16224,784,2023-08-31,2023-09-11,28872,Hyderabad,1,2023-09-10,10
INV1678,Elakshi Mangal,Artist,77391,809,2024-01-10,2024-01-17,27997,Jaipur,1,2024-01-17,7
INV1679,Indrans Hans,Teacher,24470,883,2024-08-24,2024-09-19,12310,Ahmedabad,1,2024-09-19,26
INV1680,Ivan Dugar,Engineer,96525,459,2024-05-08,2024-05-22,33047,Bangalore,1,2024-05-20,12
INV1681,Devansh Golla,Artist,99392,376,2023-07-16,2023-08-09,44303,Delhi,1,2023-08-07,22
INV1682,Alia Luthra,Banker,96851,505,2023-10-27,2023-11-13,36974,Pune,1,2023-11-12,16
INV1683,Zaina Karan,Driver,22250,535,2024-10-13,2024-10-21,41289,Kolkata,1,2024-10-19,6
INV1684,Samaira Chahal,Artist,32276,785,2024-10-04,2024-11-01,48224,Chennai,1,2024-10-31,27
INV1685,Miraan Rau,Driver,25251,386,2023-09-15,2023-10-03,21618,Mumbai,1,2023-10-02,17
INV1686,Hansh Rattan,Artist,79901,711,2023-08-15,2023-08-29,47487,Delhi,1,2023-08-28,13
INV1687,Kashvi Magar,Accountant,73866,469,2024-08-31,2024-09-28,6917,Ahmedabad,1,2024-09-27,27
INV1688,Shalv Cheema,Banker,24401,479,2024-09-29,2024-10-20,35636,Jaipur,1,2024-10-18,19
INV1689,Ritvik Saha,Doctor,25871,446,2025-06-25,2025-07-12,3510,Pune,0,2025-07-13,18
INV1690,Darshit Sarkar,Engineer,66978,658,2024-01-18,2024-01-25,10549,Bangalore,1,2024-01-23,5
INV1691,Ritvik Seth,Accountant,48540,404,2023-10-12,2023-10-22,35753,Chennai,1,2023-10-21,9
INV1692,Oorja Kalita,Driver,71560,802,2025-02-05,2025-02-12,8453,Delhi,1,2025-02-10,5
INV1693,Aarav Karpe,Student,39859,342,2024-03-20,2024-04-13,44700,Hyderabad,0,2024-04-21,32
INV1694,Lagan Kota,Banker,99310,799,2024-11-04,2024-12-02,48771,Pune,1,2024-11-30,26
INV1695,Kiara Kade,Doctor,48520,878,2024-06-12,2024-07-05,34936,Ahmedabad,1,2024-07-03,21
INV1696,Divyansh Som,Teacher,10822,761,2023-11-10,2023-12-01,17632,Pune,0,2023-12-05,25
INV1697,Ayesha Sampath,Teacher,59732,873,2024-01-10,2024-01-23,36697,Mumbai,1,2024-01-21,11
INV1698,Jayesh Bail,Teacher,80544,386,2024-05-16,2024-06-03,27240,Pune,1,2024-06-01,16
INV1699,Jhanvi Dugal,Lawyer,46746,760,2025-04-16,2025-05-09,20681,Mumbai,1,2025-05-08,22
INV1700,Jivika Joshi,Teacher,57599,874,2024-07-08,2024-08-03,19197,Bangalore,1,2024-08-03,26
INV1701,Akarsh Hayer,Doctor,89189,520,2023-10-17,2023-10-24,41920,Chennai,1,2023-10-24,7
INV1702,Raghav Raman,Teacher,33110,616,2024-12-11,2024-12-31,29693,Kolkata,1,2024-12-31,20
INV1703,Kashvi Sathe,Student,15007,358,2023-11-15,2023-12-05,46905,Jaipur,0,2023-12-14,29
INV1704,Aarna Gole,Student,81304,574,2024-04-08,2024-05-03,49773,Pune,0,2024-05-18,40
INV1705,Manjari Kota,Student,31769,738,2024-04-01,2024-04-18,46432,Chennai,1,2024-04-18,17
INV1706,Prisha Sidhu,Lawyer,76255,330,2023-12-03,2023-12-10,41847,Hyderabad,1,2023-12-09,6
INV1707,Reyansh Mann,Doctor,25765,491,2024-07-27,2024-08-23,22305,Bangalore,0,2024-09-03,38
INV1708,Rasha Vyas,Engineer,59758,824,2024-05-27,2024-06-21,3296,Jaipur,1,2024-06-20,24
INV1709,Faiyaz Viswanathan,Accountant,40000,778,2023-11-28,2023-12-07,33851,Kolkata,1,2023-12-06,8
INV1710,Ivana Butala,Teacher,20321,689,2024-06-24,2024-07-05,40671,Ahmedabad,1,2024-07-05,11
INV1711,Kavya Bail,Student,34368,302,2023-10-31,2023-11-11,13583,Kolkata,1,2023-11-10,10
INV1712,Dhanuk Handa,Accountant,72263,684,2024-08-09,2024-08-26,9838,Chennai,1,2024-08-25,16
INV1713,Advik Ganesh,Student,94146,526,2024-12-26,2025-01-18,42895,Pune,1,2025-01-17,22
INV1714,Samaira Malhotra,Accountant,40060,302,2024-06-27,2024-07-25,2889,Bangalore,0,2024-08-01,35
INV1715,Mahika Bhasin,Banker,91402,606,2025-05-30,2025-06-21,38423,Bangalore,1,2025-06-20,21
INV1716,Bhamini Kade,Banker,39487,401,2024-05-06,2024-05-27,30113,Mumbai,1,2024-05-27,21
INV1717,Aaina Choudhry,Lawyer,60952,480,2024-01-01,2024-01-31,16360,Jaipur,0,2024-02-14,44
INV1718,Lavanya Sagar,Student,51880,367,2024-12-19,2024-12-31,28111,Bangalore,1,2024-12-29,10
INV1719,Himmat Khurana,Doctor,70915,476,2025-04-19,2025-05-13,16289,Delhi,1,2025-05-13,24
INV1720,Bhamini Sura,Engineer,25189,342,2024-03-23,2024-04-22,3079,Pune,0,2024-05-03,41
INV1721,Taimur Talwar,Accountant,27329,406,2024-11-30,2024-12-19,42447,Chennai,0,2024-12-25,25
INV1722,Onkar Singh,Artist,94391,671,2024-12-28,2025-01-09,15593,Mumbai,1,2025-01-09,12
INV1723,Kiara Chada,Teacher,51079,308,2023-11-01,2023-11-12,28722,Bangalore,0,2023-11-23,22
INV1724,Chirag Koshy,Doctor,17327,730,2024-06-02,2024-06-13,47029,Mumbai,1,2024-06-11,9
INV1725,Farhan Ganesh,Engineer,91529,342,2023-12-04,2023-12-24,7671,Bangalore,1,2023-12-22,18
INV1726,Eshani Bhat,Driver,26931,601,2025-03-18,2025-03-30,36362,Bangalore,1,2025-03-30,12
INV1727,Vidur Sethi,Teacher,95251,837,2023-07-05,2023-07-14,41070,Kolkata,1,2023-07-12,7
INV1728,Baiju Chokshi,Accountant,91877,609,2025-02-27,2025-03-19,22892,Ahmedabad,1,2025-03-18,19
INV1729,Tejas Borah,Driver,57976,330,2024-01-13,2024-01-29,21691,Kolkata,0,2024-02-10,28
INV1730,Samarth Dora,Engineer,18190,501,2023-09-07,2023-09-20,33046,Kolkata,1,2023-09-18,11
INV1731,Vanya Maharaj,Driver,14241,801,2024-12-31,2025-01-12,7108,Delhi,1,2025-01-12,12
INV1732,Nakul Bhasin,Doctor,88303,684,2024-10-31,2024-11-16,28312,Delhi,1,2024-11-15,15
INV1733,Zeeshan Badami,Lawyer,63772,321,2023-09-20,2023-10-17,39886,Kolkata,0,2023-10-22,32
INV1734,Ritvik Sarna,Accountant,38756,875,2024-07-30,2024-08-15,13618,Delhi,1,2024-08-13,14
INV1735,Neysa Sami,Student,76055,448,2025-04-05,2025-04-13,35287,Bangalore,0,2025-04-16,11
INV1736,Kabir Krish,Artist,63020,650,2023-11-22,2023-12-13,45939,Ahmedabad,1,2023-12-13,21
INV1737,Chirag Shenoy,Engineer,66527,571,2023-12-24,2024-01-15,43135,Mumbai,1,2024-01-15,22
INV1738,Tara Yadav,Student,82545,653,2024-11-08,2024-11-22,41968,Hyderabad,0,2024-11-28,20
INV1739,Saanvi Sridhar,Accountant,71103,714,2024-06-09,2024-06-18,20528,Jaipur,1,2024-06-16,7
INV1740,Parinaaz Gupta,Lawyer,22855,574,2025-06-16,2025-06-24,35834,Ahmedabad,1,2025-06-22,6
INV1741,Alia Ahluwalia,Doctor,39032,674,2025-01-30,2025-02-20,4589,Mumbai,1,2025-02-18,19
INV1742,Charvi Chandran,Banker,82686,375,2024-04-23,2024-05-22,23720,Chennai,0,2024-05-30,37
INV1743,Mamooty Chawla,Lawyer,40224,635,2024-10-01,2024-10-27,16839,Ahmedabad,1,2024-10-27,26
INV1744,Jayesh Kari,Teacher,93773,891,2024-09-16,2024-10-04,25583,Chennai,1,2024-10-02,16
INV1745,Kavya Bumb,Accountant,11448,570,2023-09-09,2023-09-16,20876,Delhi,1,2023-09-14,5
INV1746,Aradhya Thakkar,Student,10671,785,2025-05-26,2025-06-07,28316,Bangalore,1,2025-06-07,12
INV1747,Vidur Vala,Driver,67144,484,2025-05-19,2025-05-31,21699,Delhi,1,2025-05-29,10
INV1748,Madhup Dalal,Engineer,87180,555,2024-04-26,2024-05-05,47542,Mumbai,1,2024-05-05,9
INV1749,Gokul Agate,Lawyer,21282,789,2024-11-01,2024-11-18,43225,Pune,1,2024-11-18,17
INV1750,Aarush Grover,Banker,40649,607,2025-01-30,2025-02-27,43952,Hyderabad,1,2025-02-27,28
INV1751,Miraan Shukla,Teacher,91395,805,2024-08-01,2024-08-25,4553,Hyderabad,1,2024-08-23,22
INV1752,Nirvi Sidhu,Teacher,15614,397,2025-01-02,2025-01-10,12610,Delhi,1,2025-01-10,8
INV1753,Ahana  Bail,Teacher,39217,840,2023-12-23,2024-01-01,47595,Chennai,1,2023-12-30,7
INV1754,Taimur Malhotra,Artist,54355,746,2023-09-30,2023-10-10,41258,Hyderabad,1,2023-10-08,8
INV1755,Azad Karpe,Teacher,38022,514,2023-07-11,2023-07-21,9941,Kolkata,1,2023-07-20,9
INV1756,Zara Jhaveri,Student,81069,871,2023-08-11,2023-08-26,2426,Jaipur,1,2023-08-26,15
INV1757,Anay Dhar,Doctor,12252,410,2023-09-26,2023-10-03,4004,Chennai,0,2023-10-13,17
INV1758,Krish Dash,Accountant,83825,565,2024-12-25,2025-01-10,3450,Ahmedabad,1,2025-01-08,14
INV1759,Samaira Venkatesh,Lawyer,75241,740,2024-06-19,2024-06-29,43207,Kolkata,1,2024-06-28,9
INV1760,Mannat Lala,Lawyer,95871,300,2023-12-05,2023-12-31,12807,Jaipur,0,2024-01-12,38
INV1761,Emir Bahl,Banker,89149,639,2025-01-21,2025-02-09,1600,Chennai,1,2025-02-07,17
INV1762,Khushi Ben,Artist,80886,712,2024-05-28,2024-06-07,29217,Hyderabad,0,2024-06-08,11
INV1763,Aayush Issac,Engineer,45323,538,2024-08-24,2024-09-17,2657,Chennai,1,2024-09-15,22
INV1764,Mishti Sankar,Teacher,90989,595,2024-01-12,2024-01-24,37890,Pune,1,2024-01-24,12
INV1765,Jiya Khalsa,Engineer,60082,372,2024-04-12,2024-05-07,30196,Chennai,0,2024-05-17,35
INV1766,Dishani Rout,Doctor,98423,459,2025-04-18,2025-04-28,10167,Jaipur,0,2025-04-29,11
INV1767,Taimur Das,Doctor,19524,813,2024-06-19,2024-06-26,31081,Bangalore,0,2024-07-06,17
INV1768,Inaaya  Krishna,Artist,13970,486,2023-09-11,2023-09-24,43686,Bangalore,0,2023-10-08,27
INV1769,Navya Wali,Engineer,82083,533,2024-11-21,2024-11-30,29978,Pune,1,2024-11-29,8
INV1770,Purab Agate,Student,84787,403,2024-04-23,2024-05-23,49249,Mumbai,1,2024-05-22,29
INV1771,Rasha Sridhar,Accountant,36235,583,2024-10-30,2024-11-10,48562,Pune,1,2024-11-09,10
INV1772,Keya Chaudhary,Engineer,81941,442,2024-08-13,2024-08-30,48053,Pune,1,2024-08-29,16
INV1773,Shalv Gokhale,Banker,10953,718,2024-09-17,2024-10-04,4594,Pune,1,2024-10-02,15
INV1774,Shalv Shanker,Lawyer,65478,478,2023-12-18,2023-12-28,28334,Kolkata,1,2023-12-27,9
INV1775,Veer Jani,Accountant,12360,541,2025-06-27,2025-07-14,23560,Chennai,0,2025-07-28,31
INV1776,Bhavin Sane,Artist,44344,693,2024-02-28,2024-03-19,6309,Hyderabad,1,2024-03-18,19
INV1777,Kartik Baria,Accountant,82446,412,2023-07-21,2023-08-09,10914,Mumbai,1,2023-08-09,19
INV1778,Kismat Krishnan,Doctor,31577,815,2023-09-08,2023-09-24,3358,Kolkata,1,2023-09-24,16
INV1779,Azad Upadhyay,Accountant,52402,522,2023-09-12,2023-09-30,35056,Bangalore,1,2023-09-29,17
INV1780,Veer Kashyap,Artist,11390,564,2024-02-03,2024-03-03,40131,Hyderabad,0,2024-03-06,32
INV1781,Samiha Shenoy,Banker,57687,774,2024-03-26,2024-04-09,20208,Kolkata,1,2024-04-07,12
INV1782,Sara Sharma,Banker,91668,699,2024-05-16,2024-06-14,24628,Kolkata,1,2024-06-14,29
INV1783,Elakshi Chacko,Teacher,95248,766,2025-02-12,2025-02-24,32413,Bangalore,1,2025-02-24,12
INV1784,Vedika Dewan,Accountant,21602,304,2023-10-28,2023-11-06,35848,Pune,1,2023-11-06,9
INV1785,Jivin Grewal,Artist,21538,314,2024-08-16,2024-08-23,44078,Kolkata,0,2024-09-03,18
INV1786,Hiran Loyal,Driver,67453,597,2023-11-17,2023-12-05,44820,Delhi,1,2023-12-05,18
INV1787,Tara Varughese,Driver,93674,880,2024-12-14,2024-12-23,3266,Pune,1,2024-12-23,9
INV1788,Samarth Dua,Artist,56754,515,2024-12-31,2025-01-14,20574,Kolkata,0,2025-01-19,19
INV1789,Adah Wagle,Accountant,35120,627,2025-01-30,2025-02-19,47757,Hyderabad,1,2025-02-18,19
INV1790,Ehsaan Reddy,Student,73021,339,2025-02-03,2025-02-11,4100,Pune,0,2025-02-17,14
INV1791,Jiya Dani,Driver,19480,816,2025-04-02,2025-04-29,31561,Ahmedabad,1,2025-04-29,27
INV1792,Seher Lad,Student,43723,856,2024-12-28,2025-01-18,13260,Bangalore,0,2025-01-20,23
INV1793,Kimaya Gour,Engineer,28030,678,2024-08-01,2024-08-19,8087,Kolkata,1,2024-08-19,18
INV1794,Shanaya Sabharwal,Accountant,99417,814,2024-11-16,2024-12-01,47715,Mumbai,1,2024-11-29,13
INV1795,Vanya Solanki,Banker,71799,490,2024-09-20,2024-10-08,42135,Mumbai,0,2024-10-11,21
INV1796,Lagan Goswami,Banker,10862,883,2025-06-17,2025-07-01,9607,Mumbai,0,2025-07-07,20
INV1797,Damini Shenoy,Accountant,37730,319,2023-09-04,2023-10-03,27271,Mumbai,0,2023-10-12,38
INV1798,Vritika Bedi,Lawyer,72521,340,2024-11-24,2024-12-17,7864,Delhi,1,2024-12-16,22
INV1799,Eva Ghosh,Lawyer,39514,527,2025-02-12,2025-03-01,4048,Jaipur,1,2025-02-27,15
INV1800,Diya Deshmukh,Artist,10338,888,2024-01-22,2024-02-04,12008,Pune,1,2024-02-02,11
INV1801,Ivan Chaudhari,Driver,97483,705,2024-02-18,2024-03-02,35317,Delhi,1,2024-03-02,13
INV1802,Siya Mand,Lawyer,80111,372,2023-08-20,2023-09-08,12538,Pune,0,2023-09-21,32
INV1803,Zain Kumer,Accountant,32491,813,2023-11-10,2023-11-21,8105,Hyderabad,1,2023-11-19,9
INV1804,Zeeshan Rajagopalan,Lawyer,12314,368,2023-10-29,2023-11-08,46599,Kolkata,0,2023-11-20,22
INV1805,Shayak Jain,Engineer,83723,888,2024-08-18,2024-09-10,19017,Pune,1,2024-09-08,21
INV1806,Trisha Dash,Lawyer,52259,900,2024-12-23,2024-12-31,26589,Jaipur,1,2024-12-30,7
INV1807,Anvi Anand,Accountant,55127,400,2024-04-12,2024-05-06,25737,Hyderabad,1,2024-05-06,24
INV1808,Samiha Ramesh,Engineer,84964,642,2025-05-30,2025-06-21,49406,Ahmedabad,1,2025-06-21,22
INV1809,Khushi Kala,Doctor,64513,572,2023-11-25,2023-12-21,9791,Kolkata,1,2023-12-19,24
INV1810,Ryan Devi,Doctor,56837,744,2023-11-16,2023-12-15,14146,Jaipur,1,2023-12-15,29
INV1811,Samar Mammen,Artist,88257,833,2025-01-20,2025-02-12,45327,Pune,1,2025-02-12,23
INV1812,Trisha Kibe,Doctor,35377,849,2025-03-14,2025-04-07,46369,Jaipur,1,2025-04-05,22
INV1813,Pihu Sathe,Driver,36041,334,2025-06-02,2025-07-02,7970,Ahmedabad,1,2025-06-30,28
INV1814,Zaina Warrior,Banker,83938,688,2024-04-01,2024-04-16,40893,Chennai,1,2024-04-16,15
INV1815,Renee Sachdev,Accountant,77727,781,2024-11-16,2024-11-30,44283,Bangalore,1,2024-11-28,12
INV1816,Tiya Saraf,Driver,23407,520,2024-04-04,2024-04-27,7443,Hyderabad,1,2024-04-26,22
INV1817,Yakshit Loyal,Teacher,32554,871,2023-08-01,2023-08-13,49817,Mumbai,1,2023-08-11,10
INV1818,Arhaan Rama,Lawyer,61793,415,2024-09-17,2024-10-14,14580,Bangalore,1,2024-10-13,26
INV1819,Eva Amble,Teacher,53708,418,2024-08-18,2024-09-07,16909,Jaipur,1,2024-09-06,19
INV1820,Samar Borra,Lawyer,87138,514,2025-04-19,2025-05-19,25903,Chennai,1,2025-05-19,30
INV1821,Misha Bir,Driver,90513,361,2023-11-17,2023-12-11,13935,Delhi,1,2023-12-10,23
INV1822,Jayant Kapoor,Accountant,18559,529,2023-10-18,2023-11-05,39778,Hyderabad,1,2023-11-05,18
INV1823,Misha Sen,Doctor,76785,670,2024-12-16,2025-01-01,33446,Mumbai,1,2024-12-31,15
INV1824,Kabir Chauhan,Lawyer,56203,320,2024-10-21,2024-11-04,31766,Jaipur,0,2024-11-13,23
INV1825,Divit Chadha,Accountant,22774,654,2023-08-09,2023-08-24,14464,Chennai,1,2023-08-23,14
INV1826,Arnav Krishna,Student,90394,581,2024-10-17,2024-11-14,17251,Chennai,1,2024-11-14,28
INV1827,Jivika Doshi,Lawyer,45043,455,2024-07-24,2024-08-19,18030,Ahmedabad,0,2024-08-25,32
INV1828,Shaan Kamdar,Driver,46822,455,2023-09-26,2023-10-21,5606,Kolkata,0,2023-10-26,30
INV1829,Arnav Deo,Lawyer,80342,658,2025-01-26,2025-02-09,40982,Hyderabad,1,2025-02-09,14
INV1830,Akarsh Raman,Banker,91303,626,2024-06-18,2024-06-30,11309,Mumbai,1,2024-06-29,11
INV1831,Kaira Walia,Doctor,92820,549,2024-05-16,2024-06-09,47175,Chennai,1,2024-06-08,23
INV1832,Divij Lala,Banker,35066,779,2025-03-18,2025-04-06,20108,Chennai,1,2025-04-04,17
INV1833,Mahika Bora,Teacher,70891,607,2024-06-09,2024-06-28,41787,Hyderabad,1,2024-06-27,18
INV1834,Kiara Chaudry,Lawyer,52089,590,2023-08-31,2023-09-19,14320,Kolkata,1,2023-09-18,18
INV1835,Divit Loyal,Artist,15621,652,2024-01-26,2024-02-14,2910,Pune,0,2024-02-20,25
INV1836,Jivin Samra,Banker,80240,761,2025-04-11,2025-04-30,17263,Bangalore,1,2025-04-30,19
INV1837,Reyansh Talwar,Driver,73909,525,2023-09-13,2023-09-28,8112,Kolkata,1,2023-09-26,13
INV1838,Aaryahi Basu,Artist,97650,361,2025-02-16,2025-03-07,18341,Delhi,0,2025-03-10,22
INV1839,Advik Rege,Driver,79476,777,2023-10-03,2023-10-27,36292,Kolkata,1,2023-10-25,22
INV1840,Ishaan Keer,Artist,95986,597,2024-06-02,2024-06-27,22227,Delhi,1,2024-06-26,24
INV1841,Priyansh Sarin,Accountant,88142,370,2023-09-16,2023-10-12,9381,Bangalore,1,2023-10-10,24
INV1842,Hunar Gupta,Accountant,89718,432,2025-04-25,2025-05-09,27181,Chennai,1,2025-05-09,14
INV1843,Ojas Loyal,Student,62190,507,2023-10-07,2023-10-24,12758,Bangalore,1,2023-10-24,17
INV1844,Zain Luthra,Doctor,56182,750,2024-07-06,2024-07-30,45172,Bangalore,1,2024-07-29,23
INV1845,Damini Hora,Banker,72883,578,2024-12-14,2025-01-08,28430,Ahmedabad,1,2025-01-08,25
INV1846,Dishani Bobal,Artist,60236,317,2024-06-25,2024-07-07,46641,Chennai,0,2024-07-18,23
INV1847,Rati Sule,Teacher,39374,478,2023-11-23,2023-12-19,38883,Bangalore,0,2023-12-23,30
INV1848,Ojas Saxena,Driver,35331,369,2024-07-03,2024-07-24,21067,Mumbai,0,2024-08-06,34
INV1849,Hrishita Upadhyay,Lawyer,45524,453,2023-07-11,2023-07-30,12460,Chennai,1,2023-07-29,18
INV1850,Ritvik Vasa,Driver,91802,574,2025-03-24,2025-04-14,26488,Chennai,1,2025-04-13,20
INV1851,Urvi Ramaswamy,Banker,70495,521,2023-12-25,2024-01-10,40723,Kolkata,1,2024-01-09,15
INV1852,Anahita Chhabra,Artist,44062,751,2023-11-14,2023-11-21,24689,Chennai,0,2023-12-03,19
INV1853,Dhanush Bhakta,Teacher,96162,866,2024-09-06,2024-10-01,12311,Jaipur,1,2024-09-29,23
INV1854,Yuvaan Sidhu,Lawyer,17022,588,2024-10-28,2024-11-05,16949,Kolkata,1,2024-11-05,8
INV1855,Kaira Raj,Banker,23110,636,2024-09-27,2024-10-27,40293,Pune,1,2024-10-26,29
INV1856,Ivana Bhandari,Teacher,10226,431,2025-04-21,2025-05-03,44434,Kolkata,0,2025-05-09,18
INV1857,Siya Lata,Engineer,30554,687,2025-06-02,2025-06-29,1829,Jaipur,1,2025-06-29,27
INV1858,Anvi Kanda,Accountant,85248,414,2024-11-11,2024-11-23,4790,Chennai,0,2024-12-03,22
INV1859,Devansh Kar,Banker,44500,328,2024-06-24,2024-07-05,47078,Kolkata,0,2024-07-13,19
INV1860,Pihu Tiwari,Doctor,62766,687,2023-11-20,2023-12-16,40472,Chennai,1,2023-12-14,24
INV1861,Nayantara Bakshi,Banker,38063,385,2023-11-21,2023-12-16,48364,Kolkata,1,2023-12-14,23
INV1862,Saksham Thakur,Accountant,38984,849,2023-07-19,2023-07-29,25968,Ahmedabad,1,2023-07-27,8
INV1863,Amani Choudhury,Driver,26776,301,2025-02-14,2025-03-10,19233,Bangalore,0,2025-03-22,36
INV1864,Ayesha Sani,Teacher,47025,683,2023-08-04,2023-08-31,47095,Jaipur,1,2023-08-31,27
INV1865,Shayak Khanna,Doctor,28744,386,2024-02-06,2024-02-22,4090,Hyderabad,0,2024-02-25,19
INV1866,Miraya Bal,Accountant,30101,404,2023-07-20,2023-08-05,22816,Mumbai,0,2023-08-06,17
INV1867,Adira Chad,Banker,40504,714,2023-11-01,2023-11-22,26021,Pune,1,2023-11-22,21
INV1868,Nishith Shah,Accountant,48887,731,2025-06-10,2025-07-10,18350,Chennai,1,2025-07-08,28
INV1869,Hiran Sem,Artist,30065,851,2024-04-01,2024-04-29,29300,Delhi,1,2024-04-27,26
INV1870,Devansh Atwal,Lawyer,14063,315,2024-10-16,2024-11-06,44021,Pune,0,2024-11-21,36
INV1871,Jhanvi Tripathi,Driver,23424,805,2024-07-23,2024-08-19,15372,Delhi,1,2024-08-19,27
INV1872,Akarsh Chokshi,Engineer,21374,421,2024-09-23,2024-10-14,10032,Ahmedabad,1,2024-10-14,21
INV1873,Tarini Verma,Teacher,65337,335,2023-12-30,2024-01-12,27185,Pune,0,2024-01-27,28
INV1874,Mohanlal Gola,Doctor,61437,665,2024-12-07,2024-12-29,8547,Delhi,1,2024-12-27,20
INV1875,Indrans Atwal,Student,19462,328,2024-12-24,2025-01-06,29579,Pune,0,2025-01-12,19
INV1876,Anahita Lad,Banker,52091,304,2024-08-03,2024-08-29,26944,Kolkata,0,2024-09-08,36
INV1877,Vedika Master,Teacher,80670,740,2024-11-12,2024-11-27,43219,Kolkata,1,2024-11-26,14
INV1878,Hrishita Soman,Teacher,49384,409,2023-08-14,2023-08-31,23360,Hyderabad,0,2023-09-14,31
INV1879,Taran Cheema,Banker,42732,641,2025-05-16,2025-06-12,19307,Mumbai,1,2025-06-12,27
INV1880,Aradhya Dara,Engineer,95236,341,2025-03-22,2025-04-10,35056,Jaipur,1,2025-04-10,19
INV1881,Kanav Raja,Teacher,51845,607,2025-06-22,2025-07-08,43495,Mumbai,1,2025-07-07,15
INV1882,Keya Karnik,Doctor,50645,358,2024-11-01,2024-11-23,32094,Ahmedabad,0,2024-12-03,32
INV1883,Bhamini Johal,Driver,18633,677,2024-05-10,2024-05-20,14191,Chennai,1,2024-05-18,8
INV1884,Stuvan Shenoy,Accountant,94169,604,2024-07-07,2024-08-01,12623,Mumbai,1,2024-07-30,23
INV1885,Tiya Dhillon,Student,86338,590,2023-10-27,2023-11-16,6805,Pune,1,2023-11-14,18
INV1886,Jayan Sandal,Engineer,30362,549,2024-05-28,2024-06-20,44021,Delhi,1,2024-06-20,23
INV1887,Navya Hayre,Teacher,88885,517,2024-01-26,2024-02-18,16701,Jaipur,1,2024-02-16,21
INV1888,Elakshi Bhatt,Student,78857,332,2024-05-13,2024-05-22,18860,Chennai,0,2024-05-26,13
INV1889,Saanvi Mammen,Banker,13332,385,2025-02-28,2025-03-13,32329,Bangalore,1,2025-03-11,11
INV1890,Biju Brahmbhatt,Student,92139,688,2024-12-05,2025-01-02,2330,Pune,0,2025-01-09,35
INV1891,Faiyaz Boase,Banker,75615,378,2025-05-15,2025-05-30,16632,Delhi,0,2025-06-04,20
INV1892,Tushar Kibe,Artist,22465,744,2024-08-12,2024-08-19,42176,Mumbai,1,2024-08-17,5
INV1893,Kiaan Wali,Engineer,69614,324,2023-08-05,2023-08-15,4542,Hyderabad,1,2023-08-15,10
INV1894,Kiara Goswami,Accountant,78154,305,2024-07-12,2024-07-19,27114,Mumbai,0,2024-07-27,15
INV1895,Anaya Agate,Driver,27235,550,2023-07-14,2023-07-30,35404,Hyderabad,1,2023-07-30,16
INV1896,Tarini Halder,Doctor,75014,815,2024-03-21,2024-04-04,26012,Hyderabad,1,2024-04-03,13
INV1897,Nitya Yadav,Banker,21727,398,2025-01-19,2025-02-06,34816,Chennai,1,2025-02-06,18
INV1898,Riaan Rattan,Student,85483,601,2024-10-15,2024-10-25,17646,Chennai,1,2024-10-24,9
INV1899,Eva Saini,Artist,23050,455,2024-10-20,2024-11-01,48246,Mumbai,0,2024-11-12,23
INV1900,Yuvraj  Sahni,Student,17927,696,2024-07-24,2024-08-07,15696,Chennai,0,2024-08-12,19
INV1901,Kimaya Raman,Student,82940,314,2024-12-10,2025-01-02,15628,Chennai,1,2025-01-01,22
INV1902,Anika Singh,Driver,64505,719,2024-04-23,2024-05-02,37520,Chennai,1,2024-05-02,9
INV1903,Saira Mani,Banker,68679,688,2023-08-06,2023-08-20,32583,Pune,1,2023-08-19,13
INV1904,Romil Basu,Teacher,53767,590,2024-10-28,2024-11-27,9223,Mumbai,1,2024-11-27,30
INV1905,Jayesh Baral,Lawyer,30908,678,2025-01-18,2025-02-05,5350,Chennai,1,2025-02-04,17
INV1906,Mishti Luthra,Engineer,61244,805,2023-07-17,2023-08-01,2078,Jaipur,1,2023-07-31,14
INV1907,Kaira Sunder,Student,99539,771,2023-09-23,2023-10-21,23390,Jaipur,0,2023-10-31,38
INV1908,Taran Butala,Student,92247,544,2024-06-19,2024-07-03,2458,Delhi,1,2024-07-02,13
INV1909,Uthkarsh Thaman,Doctor,66057,596,2023-09-13,2023-10-12,14790,Delhi,1,2023-10-11,28
INV1910,Bhamini Deshmukh,Student,16093,495,2025-04-26,2025-05-03,46824,Ahmedabad,0,2025-05-16,20
INV1911,Tushar Mandal,Accountant,41561,825,2024-02-07,2024-02-24,38400,Chennai,1,2024-02-24,17
INV1912,Rhea Chhabra,Banker,40392,517,2024-02-07,2024-02-21,39479,Jaipur,1,2024-02-19,12
INV1913,Eva Bandi,Engineer,56941,650,2024-11-18,2024-11-30,42274,Kolkata,1,2024-11-29,11
INV1914,Rania Krishnamurthy,Artist,77770,781,2024-03-18,2024-04-15,46703,Mumbai,0,2024-04-16,29
INV1915,Fateh Iyengar,Driver,74432,434,2024-11-03,2024-11-29,44796,Delhi,1,2024-11-28,25
INV1916,Ahana  Hora,Student,85749,683,2023-07-21,2023-08-10,6581,Pune,0,2023-08-21,31
INV1917,Sana Mangat,Accountant,38108,895,2024-09-12,2024-09-27,5094,Chennai,1,2024-09-27,15
INV1918,Siya Sahni,Doctor,72730,643,2025-05-03,2025-05-31,30250,Hyderabad,1,2025-05-31,28
INV1919,Nitya Yohannan,Artist,51933,315,2024-12-16,2025-01-15,8824,Jaipur,0,2025-01-28,43
INV1920,Suhana Jayaraman,Teacher,98274,551,2024-02-19,2024-02-29,29014,Jaipur,1,2024-02-28,9
INV1921,Neelofar Shenoy,Teacher,95624,450,2023-08-16,2023-09-07,1190,Hyderabad,0,2023-09-22,37
INV1922,Krish Sami,Student,89598,873,2025-04-22,2025-05-13,17964,Mumbai,1,2025-05-12,20
INV1923,Damini Kakar,Student,16516,761,2023-07-27,2023-08-08,17775,Pune,1,2023-08-06,10
INV1924,Tarini Ramakrishnan,Teacher,96784,331,2025-03-22,2025-04-13,19293,Ahmedabad,1,2025-04-13,22
INV1925,Aayush Deshmukh,Lawyer,24033,661,2023-08-15,2023-09-02,20423,Delhi,1,2023-09-01,17
INV1926,Vivaan Kibe,Student,11621,749,2025-06-06,2025-07-02,26527,Ahmedabad,0,2025-07-15,39
INV1927,Tara Dayal,Teacher,79180,752,2023-09-14,2023-10-04,44579,Ahmedabad,1,2023-10-04,20
INV1928,Ryan Ganesan,Banker,75554,534,2024-02-24,2024-03-25,14366,Ahmedabad,1,2024-03-23,28
INV1929,Prerak Cheema,Teacher,45415,757,2025-03-07,2025-03-28,46507,Jaipur,1,2025-03-28,21
INV1930,Tanya Kumer,Banker,71169,617,2025-05-20,2025-06-17,42284,Delhi,1,2025-06-17,28
INV1931,Vritika Loke,Banker,83639,695,2025-01-28,2025-02-22,31230,Jaipur,1,2025-02-21,24
INV1932,Arnav Ray,Engineer,50514,394,2024-08-13,2024-08-29,49378,Mumbai,1,2024-08-27,14
INV1933,Aarna Kapur,Engineer,69844,404,2025-06-23,2025-07-14,26079,Mumbai,1,2025-07-12,19
INV1934,Piya Sabharwal,Accountant,47337,885,2025-04-24,2025-05-06,5199,Chennai,1,2025-05-04,10
INV1935,Arhaan Amble,Doctor,35767,877,2024-10-27,2024-11-19,15164,Delhi,1,2024-11-19,23
INV1936,Darshit Mangal,Teacher,13693,451,2024-03-15,2024-04-07,24856,Hyderabad,0,2024-04-13,29
INV1937,Vritika Rajagopalan,Artist,28324,900,2024-07-10,2024-07-19,29892,Ahmedabad,1,2024-07-19,9
INV1938,Seher Ahuja,Driver,24981,562,2024-08-26,2024-09-25,21130,Ahmedabad,1,2024-09-25,30
INV1939,Anvi Grover,Engineer,85167,850,2024-01-26,2024-02-07,31187,Bangalore,1,2024-02-07,12
INV1940,Vivaan Ram,Artist,82100,501,2023-08-28,2023-09-18,47994,Delhi,0,2023-09-24,27
INV1941,Raghav Hegde,Student,42599,713,2024-06-02,2024-06-19,28701,Pune,1,2024-06-17,15
INV1942,Advika Wable,Doctor,57647,428,2023-08-06,2023-08-17,16322,Kolkata,1,2023-08-15,9
INV1943,Kartik Bhasin,Teacher,59461,410,2024-02-22,2024-03-15,32070,Delhi,1,2024-03-13,20
INV1944,Hansh Korpal,Accountant,32432,479,2024-07-05,2024-07-24,22742,Chennai,1,2024-07-22,17
INV1945,Yuvraj  Sharma,Student,87946,518,2024-05-19,2024-06-01,30552,Bangalore,0,2024-06-16,28
INV1946,Mohanlal Kulkarni,Lawyer,86747,325,2025-05-27,2025-06-05,44072,Chennai,0,2025-06-14,18
INV1947,Madhup Kaur,Engineer,62063,525,2023-12-22,2024-01-03,11059,Kolkata,1,2024-01-01,10
INV1948,Anya Dora,Student,77241,752,2023-09-17,2023-10-12,22711,Jaipur,1,2023-10-10,23
INV1949,Divit Dash,Lawyer,74753,418,2024-10-15,2024-11-07,40547,Delhi,1,2024-11-07,23
INV1950,Darshit Savant,Accountant,55712,653,2024-04-23,2024-05-09,8758,Ahmedabad,1,2024-05-09,16
INV1951,Reyansh Chanda,Lawyer,37870,832,2023-08-26,2023-09-24,15856,Hyderabad,1,2023-09-22,27
INV1952,Hazel Bhatia,Artist,28636,509,2024-06-24,2024-07-04,34796,Ahmedabad,1,2024-07-02,8
INV1953,Saanvi Yogi,Engineer,50435,670,2025-06-04,2025-06-16,36685,Pune,1,2025-06-16,12
INV1954,Armaan Walia,Banker,12465,691,2024-12-27,2025-01-21,43064,Bangalore,1,2025-01-21,25
INV1955,Vihaan Banerjee,Banker,53440,822,2024-07-14,2024-07-27,33622,Delhi,1,2024-07-26,12
INV1956,Aarush Kurian,Driver,66598,894,2025-01-18,2025-02-09,12961,Bangalore,1,2025-02-08,21
INV1957,Nehmat Chander,Accountant,50607,476,2024-08-22,2024-09-21,35976,Bangalore,1,2024-09-20,29
INV1958,Kashvi Rastogi,Accountant,62860,353,2023-10-06,2023-10-15,12769,Jaipur,1,2023-10-13,7
INV1959,Krish Sani,Student,31728,665,2023-07-29,2023-08-25,14650,Pune,0,2023-08-28,30
INV1960,Siya Bose,Doctor,99843,620,2023-11-05,2023-11-25,43707,Pune,1,2023-11-24,19
INV1961,Divij Venkatesh,Engineer,91579,798,2025-05-30,2025-06-09,29505,Kolkata,1,2025-06-09,10
INV1962,Advika Kapoor,Lawyer,27663,336,2025-02-26,2025-03-08,20755,Delhi,0,2025-03-13,15
INV1963,Darshit Jhaveri,Lawyer,57632,786,2023-11-13,2023-11-28,15859,Hyderabad,1,2023-11-26,13
INV1964,Sahil Agarwal,Doctor,72519,461,2023-07-20,2023-08-06,41836,Mumbai,1,2023-08-04,15
INV1965,Sana Borah,Doctor,27438,889,2025-04-06,2025-04-30,47939,Jaipur,1,2025-04-28,22
INV1966,Vardaniya Vala,Driver,62160,494,2024-02-18,2024-03-08,8119,Bangalore,0,2024-03-21,32
INV1967,Krish Karnik,Banker,31775,821,2025-02-12,2025-03-03,22507,Pune,1,2025-03-03,19
INV1968,Jivika Soni,Artist,47234,708,2024-06-18,2024-07-06,27566,Hyderabad,0,2024-07-12,24
INV1969,Vaibhav Bir,Driver,82738,447,2024-08-17,2024-09-07,29891,Mumbai,1,2024-09-07,21
INV1970,Diya Ranganathan,Doctor,24842,518,2024-11-03,2024-11-27,1736,Ahmedabad,1,2024-11-26,23
INV1971,Khushi Chowdhury,Artist,61629,538,2024-12-17,2025-01-06,43563,Ahmedabad,0,2025-01-20,34
INV1972,Trisha Zachariah,Teacher,16285,692,2024-02-18,2024-03-06,21001,Hyderabad,1,2024-03-05,16
INV1973,Adah Konda,Lawyer,36381,447,2023-10-14,2023-11-05,23742,Pune,0,2023-11-11,28
INV1974,Dhanuk Deshpande,Driver,20109,342,2023-10-14,2023-11-09,41744,Pune,1,2023-11-08,25
INV1975,Lakshit Banik,Driver,60476,486,2024-09-20,2024-10-13,18445,Hyderabad,1,2024-10-12,22
INV1976,Shray Saha,Student,73883,326,2024-12-15,2025-01-05,19820,Ahmedabad,0,2025-01-08,24
INV1977,Siya Sane,Lawyer,81703,696,2023-07-13,2023-07-20,38233,Chennai,1,2023-07-19,6
INV1978,Darshit Varghese,Driver,19111,820,2024-03-02,2024-03-29,45001,Hyderabad,1,2024-03-27,25
INV1979,Kiara Upadhyay,Doctor,41603,753,2024-04-16,2024-04-23,27869,Jaipur,1,2024-04-22,6
INV1980,Arnav Kant,Banker,69276,482,2024-01-31,2024-02-15,12864,Delhi,1,2024-02-15,15
INV1981,Suhana Bal,Engineer,28216,747,2024-06-13,2024-07-10,49696,Hyderabad,1,2024-07-09,26
INV1982,Mannat Sanghvi,Doctor,16027,584,2023-12-04,2023-12-19,46642,Pune,0,2023-12-31,27
INV1983,Riya Cheema,Artist,89588,376,2024-04-27,2024-05-16,29433,Mumbai,1,2024-05-15,18
INV1984,Krish Comar,Teacher,16548,485,2023-10-04,2023-10-21,42891,Hyderabad,0,2023-11-05,32
INV1985,Riaan Varkey,Student,24492,562,2023-07-13,2023-07-30,44699,Pune,1,2023-07-30,17
INV1986,Anika Sanghvi,Banker,56423,642,2024-04-04,2024-04-14,1340,Chennai,1,2024-04-14,10
INV1987,Kabir Devan,Accountant,33213,602,2025-05-02,2025-05-16,46431,Chennai,1,2025-05-14,12
INV1988,Kaira Bhandari,Lawyer,62751,487,2025-05-08,2025-05-31,30984,Ahmedabad,0,2025-06-06,29
INV1989,Vihaan Soni,Doctor,92242,303,2025-06-08,2025-06-17,40670,Ahmedabad,1,2025-06-15,7
INV1990,Samar Tak,Lawyer,45661,657,2024-09-17,2024-10-08,2172,Kolkata,1,2024-10-07,20
INV1991,Ela Goyal,Lawyer,68162,574,2023-07-01,2023-07-29,7826,Mumbai,1,2023-07-28,27
INV1992,Tushar Gala,Doctor,27307,698,2024-08-10,2024-08-29,16410,Ahmedabad,1,2024-08-29,19
INV1993,Reyansh Issac,Banker,10502,766,2025-01-10,2025-01-24,24410,Bangalore,0,2025-02-04,25
INV1994,Ela Mangat,Driver,44920,653,2024-04-10,2024-04-20,39517,Ahmedabad,1,2024-04-18,8
INV1995,Jayant Gandhi,Engineer,30337,707,2024-12-29,2025-01-05,20095,Jaipur,1,2025-01-05,7
INV1996,Hridaan Sengupta,Accountant,99546,328,2024-08-27,2024-09-21,25931,Pune,1,2024-09-20,24
INV1997,Pari Bhakta,Banker,38353,889,2024-12-21,2025-01-08,45779,Bangalore,1,2025-01-07,17
INV1998,Jayesh Balay,Accountant,68305,634,2025-01-11,2025-01-20,49386,Hyderabad,1,2025-01-19,8
INV1999,Khushi Bala,Lawyer,68984,508,2023-10-22,2023-11-14,9831,Pune,1,2023-11-13,22
INV2000,Miraan Kara,Student,49909,646,2024-08-01,2024-08-11,47029,Delhi,1,2024-08-10,9
